"mainTitle","content",dose
"
					저분자콜라겐펩타이드 AG(아미코젠㈜, 제2023-10호)
				","          -  피부 보습에 도움을 줄 수 있음            -  자외선에 의한 피부손상으로부터 피부건강을 유지하는데 도움을 줄 수 있음         "," 저분자콜라겐펩타이드 AG로서 1 g/일         "
"
					다이크로스타키스 글로메라타 추출물(Dyglomera®)(㈜케이지엠팜, 제2023-9호)
				"," 체지방 감소에 도움을 줄 수 있음         "," 다이크로스타키스 글로메라타 추출물(Dyglomera   ®   )로서 400 mg/일         "
"
					옥수수수염·레몬밤추출복합물(CL-5MoA)(㈜지큐바이오, 제2023-8호)
				"," 체지방 감소에 도움을 줄 수 있음         "," 옥수수수염   ·   레몬밤추출복합물(CL-5MoA)로서 1 g/일         "
"
					옥수수수염·레몬밤추출복합물(CL-5MoA)(㈜뉴트라코어, 제2023-7호)
				"," 체지방 감소에 도움을 줄 수 있음         "," 옥수수수염   ·   레몬밤추출복합물(CL-5MoA)로서 1 g/일         "
"
					양춘사추출물(㈜일원바이오, 제2023-6호)
				"," 체지방 감소에 도움을 줄 수 있음         "," 양춘사추출물로서 500 mg/일         "
"
					강황추출물(㈜아리바이오, 제2023-5호)
				"," 근력개선에 도움을 줄 수 있음         "," 강황추출물로서 250 mg/일         "
"
					CJ저분자콜라겐펩타이드(씨제이웰케어, 제2023-4호)
				","  -  피부 보습에 도움을 줄 수 있음    -  자외선에 의한 피부손상으로부터 피부건강을 유지하는데 도움을 줄 수 있음         "," CJ저분자콜라겐펩타이드로서 2 g/일         "
"
					단삼주정추출분말(㈜운트바이오, 제2023-3호)
				"," 갱년기 여성건강에 도움을 줄 수 있음         "," 단삼주정추출분말로서 600 mg/일         "
"
					Bifidobacterium breve B-3 프로바이오틱스(대한켐텍 주식회사, 제2023-2호)
				"," 체지방 감소에 도움을 줄 수 있음         ○ 일일섭취량 : Bifidobacterium breve B-3 프로바이오틱스로서 5×109 CFU/일         ○ 섭취 시 주의사항            -  영·유아, 어린이, 임산부 및 수유부는 섭취에 주의할 것        -  특정질환(알레르기 체질 등)이 있는 분은 섭취에 주의할 것    -  질환이 있거나 의약품 복용 시 전문가와 상담할 것    -  이상사례 발생 시 섭취를 중단하고 전문가와 상담할 것    -  어린이가 함부로 섭취하지 않도"," Bifidobacterium breve B-3 프로바이오틱스로서 5×109 CFU/일         "
"
					에키네시아추출물(㈜현준에프앤비, 제2023-1호)
				"," 면역기능 증진에 도움을 줄 수 있음         "," 에키네시아추출물로서 200 mg/일         "
"
					Bacillus coagulans Unique IS-2 프로바이오틱스(㈜제이와이글로벌푸드, 제2022-45호)
				"," 배변활동 원활에 도움을 줄 수 있음         "," Bacillus coagulans Unique IS-2 프로바이오틱스로서 2 x 109 CFU/일         "
"
					복분자동결건조분말(한국식품산업클러스터진흥원, 제2022-44호)
				"," 항산화에 도움을 줄 수 있음            "," 복분자동결건조분말로서 30 g/일             "
"
					Lactobacillus plantarum C29 프로바이오틱스와 발효대두분말의 복합물(DW2009)(동화약품㈜, 제2022-43호)
				"," 노화로 저하된 인지기능 개선에 도움을 줄 수 있음         ○ 일일섭취량 : Lactobacillus plantarum C29 프로바이오틱스와 발효대두분말의 복합물(DW2009)로서 800 mg/일         ○ 섭취 시 주의사항            -  영·유아, 어린이, 임산부 및 수유부는 섭취에 주의할 것            -  특정질환(알레르기 체질, 단장증후군 등)이 있는 분은 섭취에 주의할 것            -  이상사례 발생 시 섭취를 중단하고 전문가와 상담할 것            -  질환이 있거나 의약품 복용 시 전문가와 상담할 것            -  어린이가 함부로 섭취하지 않도"," Lactobacillus plantarum C29 프로바이오틱스와 발효대두분말의 복합물(DW2009)로서 800 mg/일         "
"
					현삼추출물(㈜뉴온, 제2022-42호)
				"," 기억력 개선에 도움을 줄 수 있음         "," 현삼추출물로서 300 mg/일         "
"
					크릴오일(FJH-KO)(㈜프롬바이오, 제2022-41호)
				"," 관절건강에 도움을 줄 수 있음         "," 크릴오일(FJH-KO)로서 1.5 g/일         "
"
					비수리추출분말(㈜네추럴웨이, 제2022-40호)
				"," 갱년기 남성건강에 도움을 줄 수 있음         "," 비수리추출분말로서 1,250 mg/일         "
"
					크릴오일등복합물(FlexPro MDⓇ)(㈜노바렉스, 제2022-39호)
				"," 관절건강에 도움을 줄 수 있음         "," 크릴오일등복합물(FlexPro MDⓇ)로서 462 mg/일         "
"
					가다랑어 엘라스틴 펩타이드(VGPG Elastin®)(대한켐텍 주식회사, 제2022-38호)
				","  -  피부보습에 도움을 줄 수 있음           -  자외선에 의한 피부손상으로부터 피부건강 유지에 도움을 줄 수 있음        "," 가다랑어 엘라스틴 펩타이드로서 100 mg/일        "
"
					천심련추출물(ParActinⓇ)(주식회사 에이크롬, 제2022-37호)
				"," 관절 건강에 도움을 줄 수 있음         "," 천심련추출물(ParActinⓇ)로서 300 mg/일         "
"
					해국추출물(㈜노바웰스, 제2022-36호)
				"," 체지방 감소에 도움을 줄 수 있음         "," 해국추출물로서 700 mg/일         "
"
					Weissella cibaria JW15 프로바이오틱스(㈜휴온스푸디언스, 제2022-35호)
				"," 면역 기능에 도움을 줄 수 있음         ○ 일일섭취량 : Weissella cibaria JW15 프로바이오틱스로서 1 x 1010 CFU/일         ○ 섭취 시 주의사항            -  질환이 있거나 의약품 복용 시 전문가와 상담할 것            -  특정질환(알레르기 체질, 단장증후군, 유당불내증 등)이 있는 분은 섭취에 주의할 것            -  영·유아, 어린이, 임산부 및 수유부는 섭취에 주의할 것            -  어린이가 함부로 섭취하지 않도"," Weissella cibaria JW15 프로바이오틱스로서 1 x 1010 CFU/일         "
"
					열처리녹차추출물(㈜아모레퍼시픽, 제2022-34호)
				"," 기억력 개선에 도움을 줄 수 있음         "," 열처리녹차추출물로서 900 mg/일         "
"
					홍삼오일(KGC11o)(㈜한국인삼공사, 제2022-33호)
				"," 전립선 건강의 유지에 도움을 줄 수 있음         "," 홍삼오일(KGC11o)로서 1,000 mg/일         "
"
					Lactobacillus plantarum TWK10 프로바이오틱스(코스맥스엔에스㈜, 제2022-32호)
				"," 운동수행능력 향상에 도움을 줄 수 있음         "," Lactobacillus plantarum TWK10 프로바이오틱스로서 1 x 1010 CFU/일         "
"
					포도잎추출물(HP-01)((유)한풍제약, 제2022-31호)
				"," 혈소판 응집억제를 통한 혈행개선에 도움을 줄 수 있음         "," 포도잎추출물(HP-01)로서 1,800 mg/일         "
"
					흰목이버섯추출분말(풀무원건강생활㈜, 제2022-30호)
				"," 노화로 인해 감소된 인지기능 개선에 도움을 줄 수 있음         "," 흰목이버섯추출분말로서 600 ∼ 1200 mg/일         "
"
					루테인지아잔틴추출복합물(안국건강 주식회사, 제2022-29호)
				"," 노화로 인해 감소될 수 있는 황반색소밀도를 유지하여 눈 건강에 도움을 줄 수 있음"," 루테인과 총지아잔틴의 합으로서 12 mg/일"
"
					루바브뿌리추출물(㈜오나트라, 제2022-28호)
				"," 갱년기 여성 건강에 도움을 줄 수 있음         "," 루바브뿌리추출물로서 4 mg/일         "
"
					아쉬아간다 추출물(ShodenⓇ)(코스맥스엔에스㈜, 제2022-27호)
				"," 수면건강에 도움을 줄 수 있음         "," 아쉬아간다 추출물로서 120 mg/일         "
"
					산수유추출물등복합물(㈜나인비, 제2022-26호)
				"," 체지방 감소에 도움을 줄 수 있음         "," 산수유추출물등복합물로서 1,600 mg/일         "
"
					전호잎추출물(㈜네츄럴큐어, 제2022-25호)
				"," 관절 건강에 도움을 줄 수 있음         "," 전호잎추출물로서 500 mg/일         "
"
					증숙생강추출분말(GGE03)(㈜에스디생명공학, 제2022-24호)
				"," 위 점막을 보호하여 위 건강에 도움을 줄 수 있음         "," 증숙생강추출분말(GGE03)로서 480 mg/일         "
"
					레몬밤민들레추출복합물(LD100)(㈜한국씨엔에스팜, 제2022-23호)
				"," 간 건강에 도움을 줄 수 있음 "," 레몬밤민들레추출복합물로서 500 mg/일 "
"
					레몬밤민들레추출복합물(LD100)((유)파이토뉴트리메디, 제2022-22호)
				"," 간 건강에 도움을 줄 수 있음 "," 레몬밤민들레추출복합물로서 500 mg/일 "
"
					Lactobacillus plantarum HAC01 프로바이오틱스(㈜에이투젠, 제2022-21호)
				"," 식후 혈당 상승 억제에 도움을 줄 수 있음 "," Lactobacillus plantarum HAC01 프로바이오틱스로서  4 x 109 CFU/일 "
"
					Weissella cibaria JW15 프로바이오틱스(국립농업과학원, 제2022-20호)
				"," 면역 기능 증진에 도움을 줄 수 있음 ○ 일일섭취량 : Weissella cibaria JW15 프로바이오틱스로서 1 x 1010 CFU/일 ○ 섭취 시 주의사항    -  질환이 있거나 의약품 복용 시 전문가와 상담할 것    -  특정질환(알레르기 체질, 단장증후군, 유당불내증 등)이 있는 분은 섭취에 주의할 것               -  영·유아, 어린이, 임산부 및 수유부는 섭취에 주의할 것               -  어린이가 함부로 섭취하지 않도"," Weissella cibaria JW15 프로바이오틱스로서 1 x 1010 CFU/일 "
"
					L-글루탐산발효 가바분말(㈜아모레퍼시픽, 제2022-19호)
				"," 수면의 질 개선에 도움을 줄 수 있음 "," L-글루탐산발효 가바분말로서 375 mg/일 "
"
					감잎주정추출분말(환인제약㈜, 제2022-18호)
				"," 건조한 눈을 개선하여 눈건강에 도움을 줄 수 있음         "," 감잎주정추출분말로서 600 mg/일 "
"
					보스웰리아추출물(SERRATRIN)(주식회사 에버스프링, 제2022-17호)
				"," 관절 및 연골 건강에 도움을 줄 수 있음 "," 보스웰리아추출물(SERRATRIN)로서 400 mg/일 "
"
					Bacillus coagulans Unique IS-2 프로바이오틱스(㈜뉴트리원, 제2022-16호)
				"," 배변활동 원활에 도움을 줄 수 있음 ○ 일일섭취량 : Bacillus coagulans Unique IS-2 프로바이오틱스로서 2 x 109 CFU/일 ○ 섭취 시 주의사항    -  질환이 있거나 의약품 복용 시 전문가와 상담할 것          -  특정질환(알레르기 체질, 단장증후군 등)이 있는 분은 섭취에 주의할 것    -  영·유아, 임산부 및 수유부는 섭취에 주의할 것    -  어린이가 함부로 섭취하지 않도"," Bacillus coagulans Unique IS-2 프로바이오틱스로서 2 x 109 CFU/일 "
"
					유산균복합물(AB-LIFEⓇ)(㈜사노피아벤티스코리아, 제2022-15호)
				"," 혈중 콜레스테롤 개선에 도움을 줄 수 있음 ○ 일일섭취량 : 유산균복합물(AB-LIFEⓇ)로서 1.2 x 109 CFU/일 ○ 섭취 시 주의사항    -  질환이 있거나 의약품 복용 시 전문가와 상담할 것    -  특정질환(알레르기 체질, 단장증후군 등)이 있는 분은 섭취에 주의할 것    -  영·유아, 어린이, 임산부 및 수유부는 섭취에 주의할 것    -  어린이가 함부로 섭취하지 않도"," 유산균복합물(AB-LIFEⓇ)로서 1.2 x 109 CFU/일 "
"
					유산균복합물(AB-LIFEⓇ)(㈜ 서흥, 제2022-14호)
				"," 혈중 콜레스테롤 개선에 도움을 줄 수 있음 ○ 일일섭취량 : 유산균복합물(AB-LIFEⓇ)로서 1.2 x 109 CFU/일 ○ 섭취 시 주의사항    -  질환이 있거나 의약품 복용 시 전문가와 상담할 것    -  특정질환(알레르기 체질, 단장증후군 등)이 있는 분은 섭취에 주의할 것    -  영·유아, 어린이, 임산부 및 수유부는 섭취에 주의할 것    -  어린이가 함부로 섭취하지 않도"," 유산균복합물(AB-LIFEⓇ)로서 1.2 x 109 CFU/일 "
"
					레몬버베나추출물 등 복합물(티에뜨레Ⓡ)(㈜노바웰스, 제2022-13호)
				"," 체지방 감소에 도움을 줄 수 있음 "," 레몬버베나추출물 등 복합물로서 500 mg/일 "
"
					가자추출물(AyuFlexⓇ)(㈜뉴온, 제2022-12호)
				"," 관절 및 연골 건강에 도움을 줄 수 있음 "," 가자추출물(AyuFlexⓇ)로서 500 mg/일 "
"
					섬쑥부쟁이추출분말(고려은단(주), 제2022-11호)
				"," 노화로 저하된 인지능력 개선에 도움을 줄 수 있음 "," 섬쑥부쟁이추출분말로서 960 mg/일 "
"
					블랙라즈베리 추출물((재)베리앤바이오식품연구소, 제2022-10호)
				"," 혈압 조절에 도움을 줄 수 있음 "," 블랙라즈베리 추출물로서 2,500 mg/일 "
"
					블랙라즈베리 추출물(한국식품산업클러스터진흥원, 제2022-9호)
				"," 혈압 조절에 도움을 줄 수 있음 "," 블랙라즈베리 추출물로서 2,500 mg/일 "
"
					발아발효콩추출물(㈜휴바이오, 제2022-8호)
				"," 갱년기 여성 건강에 도움을 줄 수 있음     "," 발아발효콩추출물로서 1 g/일     "
"
					사삼추출물(㈜동일팜텍, 제2022-7호)
				"," 체지방 감소에 도움을 줄 수 있음 "," 사삼추출물으로서 750 mg/일 "
"
					저분자콜라겐펩타이드GT(㈜ 젤텍, 제2022-6호)
				","  - 피부 보습에 도움을 줄 수 있음    - 자외선에 의한 피부손상으로부터 피부건강을 유지하는데 도움을 줄 수 있음 "," 저분자콜라겐펩타이드GT로서 2 g/일 "
"
					저분자콜라겐펩타이드SH(㈜ 서흥, 제2022-5호)
				","  - 피부 보습에 도움을 줄 수 있음    - 자외선에 의한 피부손상으로부터 피부건강을 유지하는데 도움을 줄 수 있음     "," 저분자콜라겐펩타이드SH로서 2 g/일 "
"
					황국(Aspergillus 발효물 MK01)(대상(주), 제2022-4호)
				"," 혈중 콜레스테롤 개선에 도움을 줄 수 있음 "," 황국(Aspergillus 발효물 MK01)으로서 700 mg/일                        (총 모나콜린 K로서 7 mg/일) "
"
					천심련추출물(ParActinⓇ)(㈜비엘헬스케어, 제2022-3호)
				"," 관절 건강에 도움을 줄 수 있음     "," 천심련추출물(ParActinⓇ)로서 300 mg/일 "
"
					타히보 추출물(Tabetri®)(코스맥스엔비티(주), 제2022-2호)
				"," 관절 및 연골 건강 개선에 도움을 줄 수 있음 "," 타히보 추출물(Tabetri®)로서 600 mg/일 "
"
					들쭉열매추출분말((주) 씨에이치랩스, 제2022-1호)
				","  - 자외선에 의한 피부손상으로부터 피부건강 유지에 도움을 줄 수 있음    - 피부 보습에 도움을 줄 수 있음 "," 들쭉열매추출분말로서 980 mg/일 "
"
					병풀추출분말(주식회사 제넨셀, 제2021-24호)
				"," 노화로 인해 감소될 수 있는 황반색소밀도를 유지하여 눈 건강에 도움을 줄 수 있음 "," 병풀추출분말로서 300 mg/일 "
"
					Lactobacillus plantarum Q180 (㈜종근당바이오, 제2021-23호)
				"," 식후 혈중 중성지방 개선에 도움을 줄 수 있음 "," Lactobacillus plantarum Q180로서 4.0 x 109 CFU/일 "
"
					굴가수분해물(경상국립대학교 산학협력단, 제2021-22호)
				"," 자외선에 의한 피부손상으로부터 피부건강 유지에 도움을 줄 수 있음 "," 굴가수분해물로서 1.0 g/일 "
"
					루테인지아잔틴추출복합물(㈜디에스엠뉴트리션코리아, 제2021-21호)
				"," 노화로 인해 감소될 수 있는 황반색소밀도를 유지하여 눈 건강에 도움을 줄 수 있음 "," 루테인과 지아잔틴의 합으로서 12 mg/일 "
"
					청호추출분말(리베라템)(㈜지앤피바이오사이언스, 제2021-20호)
				"," 간 건강에 도움을 줄 수 있음 "," 개똥쑥추출분말로서 686 mg/일 "
"
					청호추출분말(리베라템)(㈜성균바이오텍, 제2021-19호)
				"," 간 건강에 도움을 줄 수 있음 "," 개똥쑥추출분말로서 686 mg/일 "
"
					로즈마리추출물등복합물(대한켐텍㈜, 제2021-18호)
				"," 자외선에 의한 피부손상으로부터 피부 건강 유지에 도움을 줄 수 있음 "," 로즈마리추출물등복합물로서 225 mg/일 "
"
					루바브뿌리추출물(ERr731®)(콜마비앤에이치(주), 제2021-17호)
				"," 갱년기 여성 건강에 도움을 줄 수 있음 "," 루바브뿌리추출물(ERr731®)로서 4 mg/일 "
"
					꾸지뽕잎추출물(주식회사 에치와이, 제2021-16호)
				"," 위 불편감 개선에 도움을 줄 수 있음 "," 꾸지뽕잎추출물로서 100 mg/일  "
"
					뽕나무가지주정추출분말(농업회사법인 (주)이비채, 제2021-15호)
				"," 혈당조절에 도움을 줄 수 있음 "," 뽕나무가지주정추출분말로서 2 g/일 "
"
					참깨박추출물(극동에치팜 주식회사 2공장, 제2021-14호)
				"," 기억력 개선에 도움을 줄 수 있음 "," 참깨박추출물로서 1.5 g/일 "
"
					쑥부쟁이추출분말(주식회사 휴럼, 제2021-13호)
				"," 면역과민반응에 의한 코 상태 개선에 도움을 줄 수 있음 "," 쑥부쟁이추출분말로서 2 g/일 "
"
					구절초추출물((주)녹십자웰빙, 제2021-12호)
				"," 관절 및 연골 건강에 도움을 줄 수 있음 "," 구절초추출물로서 250 mg/일 "
"
					들깨쇠비름혼합추출물((주)산엔들, 제2021-11호)
				"," 면역기능 증진에 도움을 줄 수 있음 "," 들깨쇠비름혼합추출물로서 1,080 mg/일 "
"
					인삼((재)금산인삼약초산업진흥원, 제2021-10호)
				"," 간 건강에 도움을 줄 수 있음 "," 진세노사이드 Rg1과 Rb1의 합계로서 28.8 mg/일(인삼 추출물로서 2.4 g/일) "
"
					보스웰리아추출물등복합물(Flexir)(㈜뉴온, 제2021-9호)
				"," 관절 및 연골 건강에 도움을 줄 수 있음 "," 보스웰리아추출물등 복합물(Flexir)로서 200~400 mg/일 "
"
					갈락토올리고당 분말(네오고스-P70)(㈜네오크레마, 제2021-8호)
				"," 자외선에 의한 피부손상으로부터 피부건강에 도움을 줄 수 있음 "," 갈락토올리고당(네오고스-P70)으로서 2 g/일 "
"
					모로오렌지추출분말(Morosil®)(㈜비엘헬스케어, 제2021-7호)
				"," 체지방 감소에 도움을 줄 수 있음 "," 모로오렌지추출분말(Morosil®)로서 400 mg/일 "
"
					풋사과추출물 애플페논(Applephenon)(콜마비앤에이치(주), 제2021-6호)
				"," 체지방 감소에 도움을 줄 수 있음 "," 풋사과추출물 애플페논(Applephenon)으로서 600 mg "
"
					B. breve IDCC 4401(BBR4401) 열처리배양건조물[일동바이오사이언스(주), 제2021-5호]
				"," 혈중 콜레스테롤 개선에 도움을 줄 수 있음 ","  B. breve IDCC 4401(BBR4401) 열처리배양건조물로서  20∼200 mg/일(1.0×10 10∼1.0×10 11 cells/일) "
"
					발효율피추출분말(주식회사 현대바이오랜드 안산, 제2021-4호)
				"," 체지방 감소에 도움을 줄 수 있음 "," 발효율피추출분말로서 1 g/일 "
"
					사군자추출분말((주)휴온스푸디언스, 제2021-3호)
				"," 전립선 건강의 유지에 도움을 줄 수 있음 "," 사군자추출분말로서 1~2 g/일 "
"
					복분자 추출물(RE-20)((주)비엔텍, 제2021-2호)
				"," 혈중 콜레스테롤 개선에 도움을 줄 수 있음 "," 복분자 추출물(RE-20)로서 600 mg/일 "
"
					실크단백질 산가수분해물(Sil-Q1)(월드웨이(주), 제2021-1호)
				"," 면역기능 증진에 도움을 줄 수 있음 "," 실크단백질 산가수분해물(Sil-Q1)로서 7.5 g/일 "
"
					밀 추출물(Ceratiq®)((주)노바렉스, 제2020-15호)
				"," 피부보습에 도움을 줄 수 있음 "," 밀 추출물(Ceratiq ® )로서 350 mg/일 "
"
					미숙여주주정추출분말(콜마비앤에이치(주), 제2020-14호)
				"," 식후 혈당 상승 억제에 도움을 줄 수 있음 "," 미숙여주주정추출분말로서 2.4 g/일 "
"
					2-68 회화나무열매추출물
				","null","null"
"
					갈락토올리고당 분말(Bimuno® GOS Powder)((주)비티씨, 제2020-13호)
				"," 장내 유익균 증식에  도움을 줄 수 있음 "," 갈락토올리고당 분말(Bimuno® GOS Powder)로서 5.5 g/일 "
"
					발효우슬등복합물(현대바이오랜드(주), 제2020-12호)
				"," 관절건강에 도움을 줄 수 있음 "," 발효우슬등복합물로서 1 g/일 "
"
					해국추출물((주)뉴트리, 제2020-11호)
				"," 체지방 감소에 도움을 줄 수 있음 "," 해국추출물로서 700 mg/일  "
"
					베타글루칸분말(네이처런스(주), 제2020-10호)
				"," 면역기능 증진에 도움을 줄 수 있음 "," 베타글루칸분말로서 412 mg/일 "
"
					풋사과추출물 애플페논(Applephenon)((주)비티씨, 제2020-9호) 
				"," 체지방 감소에 도움을 줄 수 있음 "," 풋사과추출물 애플페논(Applephenon)으로서 600 mg  "
"
					[인정폐지]수국잎열수추출물(코스맥스바이오(주), 제2020-8호)
				"," 자외선에 의한 피부손상으로부터 피부건강 유지에 도움을 줄 수 있음 "," 수국잎열수추출물로서 300~600 mg/일 "
"
					수국잎열수추출물(리세린지®) (코스맥스바이오(주), 제2020-7호)
				","  - 피부보습에 도움을 줄 수 있음    - 자외선에 의한 피부손상으로부터 피부건강 유지에 도움을 줄 수 있음    - 체지방 감소에 도움을 줄 수 있음 ","   - 피부보습에 도움을 줄 수 있음 : 수국잎열수추출물(리세린지®)로서 300~600 mg/일    - 자외선에 의한 피부손상으로부터 피부건강 유지에 도움을 줄 수 있음 : 수국잎열수추출물(리세린지®)로서 300~600 mg/일    - 체지방 감소에 도움을 줄 수 있음 : 수국잎열수추출물(리세린지®)로서 600 mg/일 "
"
					MS-10 엉겅퀴등복합추출물((주)파미니티, 제2020-6호)
				"," 갱년기 여성건강에 도움을 줄 수 있음 "," MS-10 엉겅퀴등복합추출물로서 300 mg/일 "
"
					[인정폐지]배초향 추출물(Agatri®)(코스맥스엔비티(주), 제2020-5호) 
				"," 자외선에 의한 피부손상으로부터 피부건강을 유지하는데 도움을 줄 수 있음 "," 배초향 추출물(Agatri®)로서 1 g/일 "
"
					배초향 추출물(Agatri®)(코스맥스엔비티(주), 제2020-4호)
				"," - 피부보습에 도움을 줄 수 있음   - 자외선에 의한 피부손상으로부터 피부건강을 유지하는데 도움을 줄 수 있음 "," 배초향 추출물(Agatri®)로서 1 g/일 "
"
					작약추출물등복합물(HT074)((주)뉴메드, 제2020-3호)
				","null"," 작약추출물등복합물(HT074)로서 700 mg/일 "
"
					유단백가수분해물(락티움)((주)노바렉스, 제2020-2호)
				","null"," 유단백가수분해물(락티움)로서 300 mg/일 "
"
					콘드로이친(주영엔에스(주), 제2020-1호)
				","null"," 콘드로이친으로서 1,200 mg/일 "
"
					돈태반 발효추출물((주)엘지생활건강, 제2019-31호)
				"," 피로 개선에 도움을 줄 수 있음 "," 돈태반 발효추출물로서 320 mg/일 "
"
					포도블루베리추출혼합분말((주)콜마비앤에이치, 제2019-30호)
				"," 기억력 개선에 도움을 줄 수 있음 "," 포도블루베리추출혼합분말로서 600 mg/일 "
"
					대두추출물등 복합물(메노세라)(풀무원건강생활(주), 제2019-29호)
				"," 갱년기 여성건강에 도움을 줄 수 있음 "," 대두추출물등 복합물로서 190 mg/일 "
"
					L. plantarum IM76과 B. longum IM55 복합물(NVP1703)((주)네비팜, 제2019-28호)
				"," 면역과민반응에 의한 코상태 개선에 도움을 줄 수 있음 "," L. plantarum IM76과 B. longum IM55 복합물(NVP1703)로서 1.0x10 10 CFU/일 "
"
					포도과피 효소발효추출물(KL-GEFE)((주)키토라이프, 제2019-27호)
				"," 건조한 눈을 개선하여 눈 건강에 도움을 줄 수 있음 "," 포도과피 효소발효추출물(KL-GEFE)로서 800 mg/일 "
"
					리스펙타(Respecta®)[프로바이오틱스 등 복합물](코스맥스엔에스(주), 제2019-26호)
				"," 질내 유익균 증식 및 유해균 억제에 도움을 줄 수 있음 ","null"
"
					로즈마리자몽추출복합물((Nutroxsun)((주)비엘헬스케어, 제2019-25호)
				"," 자외선에 인한 피부손상으로부터 피부건강을 유지하는데 도움을 줄 수 있음 "," 로즈마리자몽추출복합물로서 100~250 mg/일 "
"
					액상 다래추출물((주)헬릭스미스, 제2009-58호)
				","null","null"
"
					피니톨(아미코젠㈜, 제2005-15호)
				","  - 혈당조절에 도움을 줄 수 있으나 관련 인체적용시험이 미흡함 (생리활성기능 3등급- 인정폐지)  - 간 건강에 도움을 줄 수 있음 ","null"
"
					자몽추출물등 복합물(Sinetrol)((주)알피바이오, 제2019-24호)
				"," 체지방감소에 도움을 줄 수 있음 "," 자몽추출물등 복합물(Sinetrol)로서 900 mg/일 "
"
					Lactobacillus acidophilus YT1(HU038)((주)휴온스푸디언스, 제2019-22호)
				"," 갱년기 여성 건강에 도움을 줄 수 있음 ○ 일일섭취량 : Lactobacillus acidophilus YT1(HU038)  1.0 x 108 CFU/일 ○ 섭취 시 주의사항    - 질환이 있거나 의약품(면역억제제 등) 복용 시 전문가와 상담할 것    - 알레르기 체질 등은 개인에 따라 과민반응을 나타낼 수 있음    - 어린이가 함부로 섭취하지 않도"," Lactobacillus acidophilus YT1(HU038)  1.0 x 108 CFU/일 "
"
					풋사과추출물 애플페논(Applephenon)((주)유니젠, 제2019-21호)
				"," 체지방 감소에 도움을 줄 수 있음 "," 풋사과추출물 애플페논(Applephenon)으로서 600 mg/일 "
"
					저분자콜라겐펩타이드NS(태경농산(주), 제2019-20호)
				","  1) 자외선에 의한 피부손상으로부터 피부건강을 유지하는데 도움을 줄 수 있음    2) 피부보습에 도움을 줄 수 있음 "," 저분자콜라겐펩타이드NS로서 1.65 g/일 "
"
					댕댕이나무열매(허니베리)추출분말((주)아리바이오에이치앤비, 제2019-19호)
				"," - 비알콜성 간 손상으로부터 간 건강에 도움을 줄 수 있음   - 체지방 감소에 도움을 줄 수 있음 "," 댕댕이나무열매추출분말로서 1,960 mg/일 "
"
					쇠비름주정추출분말(KDC16-2)(고려제약(주), 제2019-18호)
				"," 배변활동 원활에 도움을 줄 수 있음 "," 쇠비름주정추출분말(KDC16-2)로서 480 mg/일 "
"
					차즈기추출물(코스맥스바이오(주), 제2019-17호)
				"," 눈의 피로도 개선에 도움을 줄 수 있음 "," 차즈기추출물로서 500 mg/일 "
"
					루테인지아잔틴복합추출물(고려은단(주), 제2019-16호)
				"," 노화로 인해 감소될 수 있는 황반색소밀도를 유지하여 눈 건강에 도움을 줄 수 있음 "," 루테인과 지아잔틴의 합으로서 10~20 mg/일 "
"
					호로파종자추출물(TestofenⓇ)((주)비티씨, 제2019-15호)
				"," 갱년기 남성 건강에 도움을 줄 수 있음 "," 호로파종자추출물로서 600 mg/일  "
"
					인동덩굴꽃봉오리추출물(그린세라-F)((주)녹십자웰빙, 제2019-14호)
				"," 위 점막을 보호하여 위 건강에 도움을 줄 수 있음 "," 인동덩굴꽃봉오리추출물(그린세라-F)로서 250 mg/일 "
"
					쑥부쟁이추출분말(국립농업과학원, 제2019-13호)
				"," 면역과민반응에 의한 코상태 개선에 도움을 줄 수 있음 "," 쑥부쟁이추출분말로서 2 g/일 "
"
					피쉬 콜라겐펩타이드(주영엔에스(주), 제2019-12호)
				","  - 자외선에 의한 피부손상으로부터 피부건강을 유지하는데 도움을 줄 수 있음  - 피부보습에 도움을 줄 수 있음 "," 피쉬 콜라겐펩타이드로서 3,270 mg/일 "
"
					오가피열매추출물(대화제약(주), 제2019-11호)
				"," 혈압조절에 도움을 줄 수 있음 "," 오가피열매추출물로서 2.0 g/일 "
"
					빌베리추출물(아사히고도(주), 제2019-10호)
				"," 눈의 피로 개선에 도움을 줄 수 있음 ","null"
"
					우뭇가사리추출물((주)뉴트리, 제2019-9호)
				"," 체지방 감소에 도움을 줄 수 있음 "," 우뭇가사리추출물로서 1,000 mg/일 "
"
					상황버섯등 추출복합물(풀무원생활건강(주), 제2019-8호)
				"," 혈관이완을 통한 혈행개선에 도움을 줄 수 있음 "," 상황버섯등 추출복합물로서 900 mg/일 "
"
					스페인감초추출물((주)뉴트리, 제2019-7호)
				"," 위 점막 내 헬리코박터균(Helicobacter pylori) 증식을 억제하고 위 점막을 보호하여 위 건강에 도움을 줄 수 있음 "," 스페인감초추출물로서 150 mg/일 "
"
					루바브뿌리추출물(한국암웨이(주), 제2019-6호)
				"," 갱년기 여성 건강에 도움을 줄 수 있음 "," 루바브뿌리 추출물로서 4 mg/일 "
"
					연어이리추출물(DOT™연어핵산)(주)파마리서치, 제2019-5호)
				","  - 관절 건강에 도움을 줄 수 있음    - 위 점막을 보호하여 위 건강에 도움을 줄 수 있음 ","  - 관절 건강에 도움을 줄 수 있음 : 연어이리추출물(DOT™연어핵산)로서 500 mg/일    - 위 점막을 보호하여 위 건강에 도움을 줄 수 있음 : 연어이리추출물(DOT™연어핵산)로서 750 mg/일 "
"
					Lactobacillus 복합물 HY7601 + KY1032((주)한국야쿠르트 평택 프로바이오틱스 플랜트, 제2019-4호)
				"," 체지방 감소에 도움을 줄 수 있음 ○ 일일섭취량 : Lactobacillus 복합물 HY7601 + KY1032로서 1 x 1010CFU/일 ○ 섭취 시 주의사항 :    - 질환이 있거나 의약품(면역억제제 등)복용 시 전문가와 상담할 것   - 알레르기 체질 등은 개인에 따라 과민반응을 나타낼 수 있음   - 어린이가 함부로 섭취하지 않도"," Lactobacillus 복합물 HY7601 + KY1032로서 1 x 1010CFU/일 "
"
					깻잎추출물(PF501)((주)휴온스내추럴, 제2019-3호)
				"," 체지방 감소에 도움을 줄 수 있음 "," 깻잎추출물(PF501)로서 2.7 g/일 "
"
					인삼추출물(농촌진흥청, 제2019-2호)
				"," 뼈 건강에 도움을 줄 수 있음 "," 진세노사이드 Rg1과 Rb1의 합계로서 3~80 mg "
"
					옻나무추출분말((주)씨앤엘바이오, 제2019-1호)
				"," 갱년기 남성의 건강에 도움을 줄 수 있음 "," 옻나무추출분말로서 1 g/일 "
"
					키토올리고당(㈜건풍바이오, 제2018-10호)
				"," 식후혈당 감소에 도움을 줄 수 있음 ","null"
"
					시서스추출물((주)뉴온, 제2018-14호)
				"," 체지방 감소에 도움을 줄 수 있음 "," 시서스추출물로서 300 mg/일 "
"
					우슬 등 복합물(HL-Joint100)((주)에이치엘사이언스, 제2018-13호)
				"," 관절 및 연골건강에 도움을 줄 수 있음 "," 우슬 등 복합물(HL-Joint100)로서 1,000 mg/일 "
"
					Lactobacillus rhamnosus IDCC3201 열처리배양건조물(일동바이오사이언스(주), 제2018-12호)
				"," 면역과민반응에 의한 피부상태 개선에 도움을 줄 수 있음 "," 락토바실러스 람노서스 아이디씨씨3201 열처리배양건조물로서 400 mg/일(열처리배양균체수로서 1.0 x 1010 cells) "
"
					루테인지아잔틴복합추출물((주)노바렉스, 제2018-11호)
				"," 노화로 인해 감소될 수 있는 황반색소밀도를 유지하여 눈 건강에 도움을 줄 수 있음 "," 루테인과 지아잔틴의 합으로서 12~24 mg "
"
					그린커피빈주정추출물(대한켐텍주식회사,제2018-6호)
				"," 체지방 감소에 도움을 줄 수 있음 "," 그린커피빈주정추출물로서 500 mg/일 "
"
					오미자추출물((주)바이오포트코리아,제2018-9호)
				"," 근력 개선에 도움을 줄 수 있음 "," 오미자추출물(농축액)로서 1,582 mg/일 "
"
					석류농축분말((주)에이치엘사이언스, 제2018-8호)
				","  - 피부 보습에 도움을 줄 수 있음  - 자외선에 의한 피부 손상으로부터 피부 건강을 유지하는데 도움을 줄 수 있음 "," 석류농축분말로서 1 g/일 "
"
					석류농축분말((주)에이치엘사이언스,제2018-7호)
				"," 자외선에 의한 피부 손상으로부터 피부건강을 유지하는데 도움을 줄 수 있음 "," 석류농축분말로서 1 g/일 "
"
					세리포리아 락세라타 균사체 배양물(㈜퓨젠셀텍, 제2018-5호)
				"," 혈당조절에 도움을 줄 수 있음 "," 세리포리아 락세라타 균사체 배양물로서 3 g/일 "
"
					루테인지아잔틴복합추출물(대한켐텍㈜, 제2018-4호)
				"," 노화로 인해 감소될 수 있는 황반색소밀도를 유지하여 눈 건강에 도움을 줄 수 있음 "," 루테인과 지아잔틴의 합으로서 10 ~ 20 mg/일 "
"
					미강주정추출물(㈜에스앤디, 제2018-3호)
				"," 수면에 도움을 줄 수 있음 "," 미강주정추출물로서 1 g/일 "
"
					빌베리 추출물(㈜대덕약업, 제2018-2호)
				"," 눈의 피로 개선에 도움을 줄 수 있음 ","null"
"
					곰피추출물(㈜네추럴웨이, 제2018-1호)
				"," 간 건강에 도움을 줄 수 있음 "," 곰피추출물로서 420 mg/일 "
"
					Lactobacillus gasseri BNR17(㈜에이스바이옴, 제2017-6호)
				"," 체지방 감소에 도움을 줄 수 있음 "," Lactobacillus gasseri BNR17로서 1 x 1010 CFU/일 "
"
					호로파종자 등 추출복합물(㈜두한바이오, 제2017-5호)
				"," 남성의 갱년기 건강에 도움을 줄 수 있음 "," 호로파종자 등 추출복합물로서 400 mg/일 "
"
					허니부쉬추출발효분말(㈜휴온스내츄럴, 제2017-3호)
				"," 자외선에 의한 피부손상으로부터 피부 건강 유지에 도움을 줄 수 있음 "," 허니부쉬추출발효분말로서 400 ~ 800 mg/일 "
"
					2-31 NAG(엔에이지, N-아세틸글루코사민, N-Acetylglucosamine)
				","null","null"
"
					1-27 단백질
				","null","null"
"
					2-4 클로렐라 
				","null","null"
"
					2-17 감마리놀렌산 함유 유지
				","null","null"
"
					2-16 EPA 및 DHA 함유 유지
				","null","null"
"
					2-2 홍삼
				","null","null"
"
					[인정취소]허니부쉬추출발효분말(㈜휴온스, 제2017-1호)
				"," 자외선에 의한 피부손상으로부터 피부 건강 유지에 도움을 줄 수 있음 "," 허니부쉬추출발효분말로서 400 ~ 800 mg/일  "
"
					오미자추출물(㈜바이오믹스, 제2016-21호)
				"," 갱년기 여성 건강에 도움을 줄 수 있음 ","null"
"
					2-67 곤약감자추출물
				","null","null"
"
					2-66 토마토추출물
				","null","null"
"
					2-65 상황버섯추출물
				","null","null"
"
					2-64 유단백가수분해물
				","null","null"
"
					2-63 크레아틴
				","null","null"
"
					2-62 분말한천
				","null","null"
"
					2-61 라피노스
				","null","null"
"
					유산균발효마늘추출분말(주식회사 현대바이오랜드 안산, 제2016-16호)
				"," 간 건강에 도움을 줄 수 있음 ","null"
"
					창녕양파추출액(천호식품㈜, 제2016-11호)
				"," 혈중 콜레스테롤 개선에 도움을 줄 수 있음 ","null"
"
					헛개나무과병추출분말(㈜아리바이오, 제2016-10호)
				"," 알콜성 손상으로부터 간을 보호하는데 도움을 줄 수 있음 ","null"
"
					2-60 마늘 
				","null","null"
"
					2-59 빌베리 추출물
				","null","null"
"
					2-58 홍경천 추출물
				","null","null"
"
					2-57 히알루론산
				","null","null"
"
					2-56 폴리감마글루탐산 
				","null","null"
"
					2-55 엠에스엠(MSM, Methyl sulfonylmethane, 디메틸설폰)
				","null","null"
"
					2-54 테아닌 
				","null","null"
"
					2-53 대두단백 
				","null","null"
"
					2-52 홍국 
				","null","null"
"
					2-51 프로바이오틱스 
				","null","null"
"
					2-50 프락토올리고당 
				","null","null"
"
					2-49 키토산/키토올리고당
				","null","null"
"
					2-48 영지버섯 자실체 추출물 
				","null","null"
"
					2-47 알로에 겔 
				","null","null"
"
					2-46 호로파종자식이섬유 
				","null","null"
"
					2-45 폴리덱스트로스 
				","null","null"
"
					2-44 차전자피식이섬유 
				","null","null"
"
					2-43 이눌린/치커리추출물
				","null","null"
"
					2-42 옥수수겨식이섬유
				","null","null"
"
					2-41 아라비아검(아카시아검) 
				","null","null"
"
					2-40 보리식이섬유 
				","null","null"
"
					2-39 밀식이섬유 
				","null","null"
"
					2-38 목이버섯식이섬유 
				","null","null"
"
					2-37 대두식이섬유 
				","null","null"
"
					2-36 난소화성말토덱스트린 
				","null","null"
"
					2-35 귀리식이섬유 
				","null","null"
"
					2-34 글루코만난(곤약, 곤약만난) 
				","null","null"
"
					2-33 구아검/구아검가수분해물 
				","null","null"
"
					2-32 뮤코다당 단백
				","null","null"
"
					2-30 글루코사민 
				","null","null"
"
					2-29 포스파티딜세린 
				","null","null"
"
					2-28 쏘팔메토 열매 추출물 
				","null","null"
"
					2-27 헤마토코쿠스 추출물 
				","null","null"
"
					2-26 마리골드꽃추출물
				","null","null"
"
					2-25 가르시니아캄보지아 추출물
				","null","null"
"
					2-24 공액리놀레산 
				","null","null"
"
					2-23 매실추출물 
				","null","null"
"
					2-22 옥타코사놀 함유 유지 
				","null","null"
"
					2-21 알콕시글리세롤 함유 상어간유 
				","null","null"
"
					2-20 식물스테롤 식물스테롤에스테르
				","null","null"
"
					2-19 스쿠알렌
				","null","null"
"
					2-18 레시틴
				","null","null"
"
					2-15 달맞이꽃종자 추출물 
				","null","null"
"
					2-14 밀크씨슬(카르두스 마리아누스) 추출물 
				","null","null"
"
					2-13 은행잎 추출물
				","null","null"
"
					2-12 바나바잎 추출물 
				","null","null"
"
					2-11 구아바잎 추출물 
				","null","null"
"
					2-10 대두이소플라본 
				","null","null"
"
					2-9 코엔자임Q10 
				","null","null"
"
					2-8 프로폴리스 추출물 
				","null","null"
"
					2-7 알로에 전잎 
				","null","null"
"
					2-6 녹차추출물 
				","null","null"
"
					2-5 스피루리나 
				","null","null"
"
					2-3 엽록소 함유 식물 
				","null","null"
"
					2-1 인삼 
				","null","null"
"
					1-28 필수지방산
				","null","null"
"
					1-26 식이섬유
				","null","null"
"
					1-25 크롬
				","null","null"
"
					1-24 칼륨
				","null","null"
"
					1-23 몰리브덴 
				","null","null"
"
					1-22 망간 
				","null","null"
"
					1-21 요오드 
				","null","null"
"
					1-20 셀레늄(또는 셀렌)
				","null","null"
"
					1-19 구리 
				","null","null"
"
					1-18 아연 
				","null","null"
"
					1-17 철
				","null","null"
"
					1-16 마그네슘 
				","null","null"
"
					1-15 칼슘
				","null","null"
"
					1-14 비타민 C
				","null","null"
"
					1-13 비오틴
				","null","null"
"
					1-12 비타민 B12
				","null","null"
"
					1-11 엽산
				","null","null"
"
					1-10 비타민 B6
				","null","null"
"
					1-9 판토텐산 
				","null","null"
"
					1-8 나이아신 
				","null","null"
"
					1-7 비타민 B2
				","null","null"
"
					1-6 비타민 B1
				","null","null"
"
					1-5 비타민 K 
				","null","null"
"
					1-4 비타민 E
				","null","null"
"
					1-3 비타민 D
				","null","null"
"
					1-2 베타카로틴 
				","null","null"
"
					1-1 비타민 A 
				","null","null"
"
					포도씨 효소분해 추출 분말(㈜삼진에프앤에이치, 제2013-9호)
				"," 혈압이 높은 사람에게 도움을 줄 수 있음 ","null"
"
					석류추출물(비엔지웰푸드, 제2015-28호)
				"," 갱년기 여성의 건강에 도움을 줄 수 있음 ","null"
"
					까마귀쪽나무 열매 주정추출물(주식회사 휴럼, 제2015-23호)
				"," 관절 건강에 도움을 줄 수 있음 ","null"
"
					까마귀쪽나무 열매 주정추출물((재)제주테크노파크, 제2015-22호)
				"," 관절 건강에 도움을 줄 수 있음 ","null"
"
					핑거루트추출분말(판두라틴)(㈜뉴트리, 제2013-5호)
				","    - 자외선에 의한 피부손상으로부터 피부 건강을 유지하는데 도움을 줄 수 있음    - 체지방감소에 도움을 줄 수 있음    - 피부보습에 도움을 줄 수 있음 ","null"
"
					L-아르기닌(대상(주)군산공장, 제2015-19호)
				"," 혈관이완을 통해 혈행 개선에 도움을 줄 수 있음 "," L-아르기닌으로서 6 g/일 "
"
					밀배유추출물(한국암웨이㈜, 제2015-18호)
				"," 피부보습에 도움을 줄 수 있음 ","null"
"
					천마 등 복합추출물(HX106)(㈜헬릭스미스, 제2015-17호)
				"," 기억력 개선에 도움을 줄 수 있음 ","null"
"
					유단백추출물(주영엔에스㈜, 제2015-16호)
				"," 뼈 건강에 도움을 줄 수 있음 ","null"
"
					아프리카 망고 종자추출물(IGOB131)(㈜프롬바이오, 제2015-14호)
				"," 체지방 감소에 도움을 줄 수 있음 "," 와일드 망고 종자추출물(IGOB131)로서 300 mg/일 "
"
					인삼다당체추출물(㈜헬스바이오메드, 제2015-11호)
				"," 면역기능 증진에 도움을 줄 수 있음 ","null"
"
					콩·보리 발효복합물(샘표식품 주식회사, 제2015-10호)
				"," 피부 보습에 도움을 줄 수 있음 ","null"
"
					풋사과 추출물 애플페논(Applephenon)(㈜서흥, 제2015-9호)
				"," 체지방 감소에 도움을 줄 수 있음 "," 풋사과 추출물 애플페논(Applephenon)로서 600 mg/일 "
"
					돌외잎추출물(㈜노바렉스, 제2015-7호)
				"," 스트레스로 인한 긴장완화에 도움을 줄 수 있음 ","null"
"
					감태추출물(㈜에스앤디, 제2015-6호)
				"," 수면의 질 개선에 도움을 줄 수 있음 ","null"
"
					프로바이오틱스 HY7714(㈜한국야쿠르트 평택 프로바이오틱스 플랜트, 제2015-1호, 제2015-2호)
				","  - 피부 보습에 도움을 줄 수 있음  - 자외선에 의한 피부손상으로부터 피부 건강 유지에 도움을 줄 수 있음 ","null"
"
					감수(甘遂)
				","null","null"
"
					겔세민(Gelsemine)
				","null","null"
"
					견우자(牽牛子)
				","null","null"
"
					관동(款冬)
				","null","null"
"
					낙타봉(駱駝蓬)
				","null","null"
"
					다투라(Datura)
				","null","null"
"
					대극(大戟)
				","null","null"
"
					대황(大黃)
				","null","null"
"
					독미나리
				","null","null"
"
					등황(藤黃)
				","null","null"
"
					디기탈리스(Defitalis)
				","null","null"
"
					마두령(馬兜鈴)
				","null","null"
"
					마전자(馬錢子)
				","null","null"
"
					마편초(馬鞭草)
				","null","null"
"
					마황(麻黃)
				","null","null"
"
					만년청(萬年靑)
				","null","null"
"
					면마(綿馬)
				","null","null"
"
					목단피(牧丹皮)
				","null","null"
"
					목방기(木防己)
				","null","null"
"
					목통(木桶)
				","null","null"
"
					반하(半夏)
				","null","null"
"
					방기(防己)
				","null","null"
"
					방풍(防風)
				","null","null"
"
					백굴채(白屈菜)
				","null","null"
"
					백부자(白附子)
				","null","null"
"
					백선피(白鮮皮)
				","null","null"
"
					베라트롬(Veratrum)
				","null","null"
"
					벨라돈나(Belladonna)
				","null","null"
"
					보두(普頭)
				","null","null"
"
					복수초(福壽草)
				","null","null"
"
					부자(附子)
				","null","null"
"
					빈랑자(檳？子)
				","null","null"
"
					사리폴(Henbane leaf)
				","null","null"
"
					석류피(石榴皮)
				","null","null"
"
					세네키오(Senecio)
				","null","null"
"
					스코폴리아(Scopolia)
				","null","null"
"
					상륙(商陸)
				","null","null"
"
					스트로판투스(Strophanthus)
				","null","null"
"
					쓴쑥
				","null","null"
"
					앵속(罌粟)
				","null","null"
"
					얄라파(Jalapae)
				","null","null"
"
					영란(鈴蘭)
				","null","null"
"
					요힘베(Yohimbe)
				","null","null"
"
					운향풀(루타 그래베올랜스)
				","null","null"
"
					원화(？花)
				","null","null"
"
					위령선(威靈仙)
				","null","null"
"
					인도사목(印度蛇木)
				","null","null"
"
					저백피(楮白皮)
				","null","null"
"
					천남성(天南星)
				","null","null"
"
					천초근(？草根)
				","null","null"
"
					청목향(靑木香)
				","null","null"
"
					초오(草烏)
				","null","null"
"
					채퍼랠
				","null","null"
"
					카바카바(Kava kava)
				","null","null"
"
					카스카라사그라다(Cascara sagrada)
				","null","null"
"
					카트
				","null","null"
"
					컴프리
				","null","null"
"
					콜로신스(Colocynth)
				","null","null"
"
					콜키쿰(Colchicum)
				","null","null"
"
					키나(Quina)
				","null","null"
"
					탠지(Tansy)
				","null","null"
"
					토근(吐根)
				","null","null"
"
					투보쿠라린(Tubocurarine)
				","null","null"
"
					파두(巴豆)
				","null","null"
"
					팔각련(八角蓮)
				","null","null"
"
					해총
				","null","null"
"
					행인(杏仁)
				","null","null"
"
					황백(黃栢)
				","null","null"
"
					건조 갑상선(Dried thyroid)
				","null","null"
"
					담즙ㆍ담낭(Bile & gall bladder)
				","null","null"
"
					맥각(麥角, Erot)
				","null","null"
"
					반묘(斑猫, Blister beetle)
				","null","null"
"
					사독(Venom)
				","null","null"
"
					사람의 혈액(Human Blood)
				","null","null"
"
					사람의 태반(Human piacenta)
				","null","null"
"
					사향(麝香, Musd)
				","null","null"
"
					섬수(Toad Venom)
				","null","null"
"
					오공(蜈蚣, Scolopendrae Corpus)
				","null","null"
"
					뇌하수체
				","null","null"
"
					벌독(bee venom)
				","null","null"
"
					전립선
				","null","null"
"
					로벨린 또는 그 염류 (Lobeline or its salts)
				","null","null"
"
					불보카프닌 또는 그 염류 (Bulbocapnine or its salts)
				","null","null"
"
					브루신 또는 그 염류 (Brucine or its salts)
				","null","null"
"
					사비나유(Sabina oil)
				","null","null"
"
					세파란틴(Cepharanthin)
				","null","null"
"
					아 가 리 틴 또는 그 염류 (Agaritine or its salts)
				","null","null"
"
					아레콜린 또는 그 염류 (Arecoline or its salts)
				","null","null"
"
					카이닌산(Kainic acid)
				","null","null"
"
					코타르닌 또는 그 염류 (Cotarnine or its salts)
				","null","null"
"
					트로파코카인 또는 그 염류 (Tropacocaine or its salts)
				","null","null"
"
					방사성물질
				","null","null"
"
					화학구조가 의약품과 근원적으로 유사한 합성물질
				","null","null"
"
					[인정폐지]피니톨 분말(㈜디와이내츄럴, 2014-65호)
				"," 혈당조절에 도움을 줄 수 있으나 관련 인체적용시험이 미흡함 (생리활성기능 3등급)      ○ 섭취주의사항 : 피니톨은 당뇨병의 치료 및 예방에 사용될 수 없으므로 당뇨병 치료가 필요한 경우에는 의사와 상담 하에 사용하여야 합니다.      ","null"
"
					옻나무 추출분말(㈜생명의나무, 제2014-64호)
				"," 갱년기 남성의 건강에 도움을 줄 수 있음 ","null"
"
					발효식초석류복합물(대상㈜오산공장, 제2014-57호)
				"," 체지방 감소에 도움을 줄 수 있음 ","null"
"
					구기자추출물(㈜바이오믹스, 제2014-51호)
				"," 기억력 개선에 도움을 줄 수 있음 ","null"
"
					매스틱 검(㈜프롬바이오, 제2014-50호)
				","위 불편감 개선에 도움을 줄 수 있음 ","null"
"
					비파엽추출물(한국인스팜㈜, 제2014-46호)
				"," 기억력 개선에 도움을 줄 수 있음 ","null"
"
					호박씨추출물 등 복합물(㈜삼정, 제2014-43호)
				"," 방광의 배뇨기능 개선에 도움을 줄 수 있음 ","null"
"
					참당귀추출분말(Nutragen)(㈜뉴트라젠, 제2014-44호)
				","   - 노화로 저하된 인지기능 개선에 도움을 줄 수 있음   - 관절건강에 도움을 줄 수 있음 ","null"
"
					L-arabinose(㈜메디앤바이오, 제2014-45호)
				"," 설탕 소화흡수를 완만하게 하여 혈당조절에 도움을 줄 수 있음 ","null"
"
					황기추출물 등 복합물(HT042)(㈜뉴메드, 제2014-40호)
				"," 어린이 키성장에 도움을 줄 수 있음 ","null"
"
					닭가슴연골분말(㈜뉴트리, 제2014-39호)
				"," 관절건강에 도움을 줄 수 있음 ","null"
"
					파크랜 크랜베리 분말(㈜뉴트렉스테크놀러지, 제2014-34호)
				"," 요로의 유해균 흡착 억제로 요로건강에 도움을 줄 수 있음 ○ 일일섭취량 : 신청원료로서 500~1,000 mg ○ 섭취주의사항 ","null"
"
					파크랜 크랜베리 분말(㈜서흥, 제2014-35호)
				"," 요로의 유해균 흡착 억제로 요로건강에 도움을 줄 수 있음 ○ 일일섭취량 : 신청원료로서 500~1,000 mg ○ 섭취주의사항 ","null"
"
					그린커피빈추출물(주영엔에스㈜, 제2014-31호)
				"," 체지방 감소에 도움을 줄 수 있음 ","null"
"
					식물스타놀에스테르(기문물산㈜, 제2014-32호)
				"," 높은 혈중 콜레스테롤 수치 개선에 도움을 줄 수 있음 ","null"
"
					CMO 함유 FAC(㈜티케이엘, 제2014-26호)
				"," 관절 건강에 도움을 줄 수 있음 ","null"
"
					UREX 프로바이오틱스(㈜빅솔반월공장, 제2014-27호)
				"," 유산균 증식을 통한 여성 질 건강에 도움을 줄 수 있음 ","null"
"
					무화과페이스트(㈜영암녹색무화과, 제2014-29호)
				"," 배변활동 원활에 도움을 줄 수 있음 ","null"
"
					적포도발효농축액(㈜하이바이오, 제2014-30호)
				"," 콜레스테롤 개선에 도움을 줄 수 있음 ","null"
"
					[인정취소]와일드망고 종자추출물(㈜프롬바이오, 제2014-28호)
				"," 체지방 감소에 도움을 줄 수 있음 (생리활성기능 2등급)      ○ 섭취 시 주의사항 : 임산부 및 수유 여성은 섭취에 주의      ","null"
"
					카카오분말(롯데제과㈜건강사업본부, 제2014-25호)
				"," 혈관이완을 통한 혈행개선에 도움을 줄 수 있음 ○ 일일섭취량 : 신청원료로서 2.8 g/일 ○ 섭취주의사항 : - 제안","null"
"
					보스웰리아 추출물(㈜프롬바이오, 제2014-23호)
				"," 관절 및 연골건강에 도움을 줄 수 있음 ","null"
"
					[인정취소] 피브로인 효소가수분해물(㈜브레인온, 제2014-24호)
				"," 기억력 개선에 도움을 줄 수 있음 (생리활성기능 2등급)      ○ 섭취주의사항 : 임산부 및 수유여성은 섭취에 주의      ","null"
"
					석류농축액(㈜에이치엘사이언스, 제2014-22호)
				","   - 갱년기 여성의 건강에 도움을 줄 수 있음   - 피부보습에 도움을 줄 수 있음   - 자외선으로 인한 피부손상으로부터 피부 건강을 유지하는데 도움 ","null"
"
					[인정취소]발효식초석류복합물(㈜대상, 제2014-20호)
				"," 체지방 감소에 도움을 줄 수 있음(생리활성기능 2등급)      ○ 섭취주의사항 :   - 임산부, 수유부는 섭취 주의   - 공복에 섭취하거나 과다 섭취시 속쓰림 등 위에 자극을 느낄 수 있음      ","null"
"
					로즈힙 분말(㈜코드바이오, 제2014-17호)
				"," 관절 및 연골건강에 도움을 줄 수 있음 ","null"
"
					올리브잎주정추출물(㈜메디뉴트라, 제2014-9호)
				"," 건강한 혈압의 유지에 도움을 줄 수 있음 "," 신청원료로서 500 ~ 1,000 mg/일 (Oleuropein으로서 90 ~ 180 mg/일) "
"
					보이차추출물(㈜주영엔에스, 제2014-7호)
				","   - 체지방 감소에 도움을 줄 수 있음   - 혈중 콜레스테롤 개선에 도움을 줄 수 있음 "," 신청원료로서 1 g/일 "
"
					옥수수배아추출물(㈜아사히고도, 제2014-8호)
				"," 피부보습에 도움을 줄 수 있음 "," 신청원료로서 40 ~ 60 mg/일 "
"
					[인정폐지]프로바이오틱스 ATP(㈜쎌바이오텍 1,2공장, 제2014-16호)
				"," 면역과민반응에 의한 피부상태개선에 도움을 줄 수 있으나 관련 인체적용시험이 미흡함 (생리활성기능 3등급)      ○ 섭취주의사항 :   - 질병을 치료중이신분, 알레르기, 특이체질이신 분은 의사,약사등 전문가와 상담후 섭취   - 알레르기체질은 성분을 확인 후 섭취      ","null"
"
					히드록시프로필메틸셀룰로오스(롯데정밀화학㈜인천공장, 제2014-12호)
				"," 식후혈당상승 억제에 도움을 줄 수 있음 "," 신청원료로서 4~8 g/일 "
"
					상엽추출물(㈜바이로메드, 제2014-14호)
				"," 식후혈당상승 억제에 도움을 줄 수 있음 ","null"
"
					[인정폐지]계피추출분말(㈜성원에프아이, 제2014-13호)
				"," 혈당조절에 도움을 줄 수 있으나 관련 인체적용시험이 미흡함 (생리활성기능 3등급)      ○ 섭취주의사항 :   - 임신부, 수유부는 섭취에 주의   - 계피알레르기를 가진 사람은 섭취 주의      ","null"
"
					스페인감초추출물(주식회사 에버스프링, 제2014-4호)
				"," 위 점막내 헬리코박터균( Helicobacter pylori) 증식을 억제하고 위점막을 보호하여 위 건강에 도움을 줄 수 있음 "," 스페인감초추출물로서 150 mg/일 "
"
					강황추출물(터마신)(㈜세광에스티코퍼레이션, 제2014-2호)
				"," 관절건강에 도움을 줄 수 있음 "," 강황 추출물로서 1 g/일 "
"
					중쇄지방산(MCFA) 함유유지(대상주식회사, 제2014-6호)
				"," 이 제품은 중쇄지방산을 함유하고있어 다른 식용유와 비교하였을 때 체지방증가가 적을 수 있음(생리활성기능 2등급) ","null"
"
					Lactobacillus gasseri BNR17(㈜바이오니아, 제2014-5호)
				"," 체지방 감소에 도움을 줄 수 있음 "," Lactobacillus gasseri BNR17로서 1.0 x 1010CFU/일 "
"
					[인정폐지]L.Helveticus 발효물(㈜일동제약, 제2013-36호)
				"," 노화로 인해 저하된 인지력 개선에 도움을 줄 수 있으나 관련 인체적용시험이 미흡 (생리활성기능 3등급)  ○ 섭취주의사항 : 유당불내증이 있는 사람은 섭취에 주의  ","null"
"
					헛개나무과병추출물(㈜뉴메드, 제2014-1호)
				"," 알콜성 손상으로부터 간을 보호하는데 도움을 줄 수 있음 ","null"
"
					전칠삼추출물등 복합물(㈜노바렉스, 제2013-32호)
				"," 관절건강에 도움을 줄 수 있음 ","null"
"
					피엘에이지(PLAG, 1-palmitoyl-2-linoleoyl-3-acetyl-rac-glycerol)(㈜엔지켐생명과학, 제2013-35호))
				"," 인터루킨 4 감소를 통한 면역조절에 도움을 줄 수 있음 (생리활성기능 2등급) ","null"
"
					효모베타글루칸(㈜내츄럴엔도텍, 제2013-34호)
				"," 면역기능 증진에 도음을 줄 수 있음 ","null"
"
					저분자콜라겐펩타이드(㈜뉴트리, 제2013-30호)
				"," - 피부 보습에 도움을 줄 수 있음   - 자외선에 의한 피부손상으로부터 피부 건강을 유지하는데 도움을 줄 수 있음   - 관절 및 연골 건강에 도움을 줄 수 있음 "," - 피부 보습에 도움을 줄 수 있음 : 저분자 콜라겐 펩타이드로서 1~3 g/일   - 자외선에 의한 피부손상으로부터 피부 건강을 유지하는데 도움을 줄 수 있음 : 저분자 콜라겐 펩타이드로서 1~3 g/일   - 관절 및 연골 건강에 도움을 줄 수 있음 : 저분자 콜라겐 펩타이드로서 3~4 g/일 "
"
					MR-10 민들레등복합추출물(㈜파미니티, 제2013-31호)
				"," 갱년기 남성의 건강에 도움을 줄 수 있음 ","null"
"
					락토페린(우유정제단백질)(라이온코리아㈜, 제2013-20호)
				"," 체지방 감소에 도움을 줄 수 있음 "," 300 mg/일 "
"
					도라지추출물(㈜온사이언스, 제2013-26호, ㈜장생도라지, 제2013-13호)
				"," 간 건강에 도움을 줄 수 있음 ○ 일일섭취량 : 도라지추출물로서 3 g/일 ○ 섭취주의사항 : 임산부․수유부 섭취에 주의 알레르기 체질이거나 특정질환이 있는 분은 의사와 상담 후 섭취  ※ English version ※  ○ Ingredient name : Platycodon Root Extract ○ Recognition Number : 2013-26 (2013.08.28.) ○ Company or institution : onscience ○ Functionality of the ingredient : May help to protect liver ○ Daily intake amount : 3 g/day  -------------------------------------------------------------------------------------------------------------------------------    ○ 원료명 : 도라지추출물(DRJ-AD) ○ 인정번호 : 제2013-13호(2013.06.05.) ○ 업체 : (주)장생도라지 ○ 기능성내용 : 노인의 인지능력 개선에 도움을 줄 수 있으나, 인체적용시험이 미흡(생리활성기능 3등급-인정폐지) ","null"
"
					루테인지아잔틴복합추출물20%(㈜노바렉스, 제2013-23호)
				"," 노화로 인해 감소될 수 있는 황반색소밀도를 유지하여 눈건강에 도움을 줄 수 있음 (생리활성기능 1등급) "," 루테인과 지아잔틴의 합으로서 10 ~ 20 mg/일 "
"
					가시오가피숙지황복합추출물(㈜오스코텍, 제2013-14호)
				"," 뼈건강에 도움을 줄 수 있음 ","null"
"
					[인정폐지]들쭉열매추출물(동아제약㈜달성공장, 제2013-22호)
				"," 눈 건강에 도움을 줄 수 있으나 관련 인체적용시험이 미흡함(생리활성기능 3등급)      ○ 섭취 시 주의사항 : 임산부․수유부 섭취에 주의      ","null"
"
					Lactobacillus sakei Probio65(㈜프로바이오닉, 제2013-17호)
				"," 면역과민반응에 의한 피부상태 개선에 도움을 줄 수 있음 ","null"
"
					민들레 등 복합추출물(㈜성균바이오텍, 제2012-12호)
				"," 피부보습에 도움을 줄 수 있음 ","null"
"
					초록입홍합추출오일(㈜씨스팡, 제2004-8호, ㈜한국파마링크, 제2009-49호)
				"," 관절건강에 도움을 줄 수 있음 ○ 일일섭취량 : 초록잎홍합추출오일복합물로서 620 mg/일 ○ 섭취 시 주의사항 :  - 임산부 및 수유부는 섭취를 피할 것  - 간 질환이 있거나 혈전용해제 등 복용 시 전문가와 상담할 것  - 알레르기 체질 등은 개인에 따라 과민반응을 나타낼 수 있음  - 이상사례 발생 시 섭취를 중단하고 전문가와 상담할 것   ※ English version ※  ○ Ingredient name : Green lipped mussel oil complex ○ Recognition Number : 2004-8 (2004.10.22.) ○ Company or institution : SYSPANG ○ Functionality of the ingredient : May help to maintain joint health ○ Daily intake amount : 620 mg/day   -------------------------------------------------------------------------------------------------------------------------------   ○ 원료명 : 리프리놀-초록입홍합추출오일 ○ 인정번호 : 제2009-49호 (2009.06.05.) ○ 업체 : (주)한국파마링크 ○ 기능성내용 : 관절건강에 도움이 줄 수 있음 "," 초록잎홍합추출오일복합물로서 620 mg/일 ○ 섭취 시 주의사항 :  - 임산부 및 수유부는 섭취를 피할 것  - 간 질환이 있거나 혈전용해제 등 복용 시 전문가와 상담할 것  - 알레르기 체질 등은 개인에 따라 과민반응을 나타낼 수 있음  - 이상사례 발생 시 섭취를 중단하고 전문가와 상담할 것   ※ English version ※  ○ Ingredient name : Green lipped mussel oil complex ○ Recognition Number : 2004-8 (2004.10.22.) ○ Company or institution : SYSPANG ○ Functionality of the ingredient : May help to maintain joint health ○ Daily intake amount : 620 mg/day   -------------------------------------------------------------------------------------------------------------------------------   ○ 원료명 : 리프리놀-초록입홍합추출오일 ○ 인정번호 : 제2009-49호 (2009.06.05.) ○ 업체 : (주)한국파마링크 ○ 기능성내용 : 관절건강에 도움이 줄 수 있음 ○ 일일섭취량 : 리프리놀-초록입홍합추출오일로서 200 mg/일  "
"
					그린마테추출물(㈜삼정향료, 제2008-52호, 롯데제과㈜건강사업본부, 제2010-7호)
				"," 체지방 감소에 도움을 줄 수 있음 ","null"
"
					[인정폐지]스피루리나(㈜이에스바이오텍, 제2010-4호)
				"," 면역조절에 도움을 줄수있으나 인체에서의 확인이 필요함 (생리활성기능 3등급)      ○ 섭취주의사항 : -      ","null"
"
					동충하초 주정추출물(동아제약㈜달성공장, 제2013-16호)
				"," 면역증진에 도움을 줄 수있음 ","null"
"
					바이오게르마늄 효모(게란티제약㈜, 제2007-15호)
				"," 면역기능증진에 도움을 줄 수 있음 ","null"
"
					지아잔틴추출물(㈜렉스진바이오텍, 제2008-65호)
				"," 노화로 인해 감소 될 수 있는 황반색소 밀도를 유지하여 눈건강 도움을 줄 수 있음 ","null"
"
					헤모힘 당귀등 혼합추출물(콜마비앤에이치㈜선바이오텍사업부문, 제2006-17호)
				"," 면역기능 개선에 도음을 줄 수 있음 ","null"
"
					루테인/지아잔틴복합추출물(㈜렉스진바이오텍, 제2008-66호)
				"," 노화로 인해 감소 될 수 있는 황반색소 밀도를 유지하여 눈건강에 도움을 줄 수 있음 ","null"
"
					프로바이오틱스(드시모네)(주식회사 헥토헬스케어, 제2009-28호)
				","    - 유익한 유산균 증식, 유해균 억제에 도움을 줄 수 있음    - 배변활동 원활에 도움을 줄 수 있음    - 장면역을 조절하여 장건강에 도움을 줄 수 있음 "," 신청원료로서 1.0 x 108 ~ 3 x 1012 CFU/일 "
"
					복분자 추출분말(㈜리즈바이오텍, 제2010-62호)
				"," 간 건강에 도움을 줄 수 있음 ","null"
"
					과채유래유산균(CJ제일제당㈜, 제2013-11호)
				"," 면역과민반응에 의한 피부상태 개선에 도움을 줄 수 있음 (생리활성기능 2등급) ","null"
"
					[인정폐지]유비퀴놀(Ubiquinol)(㈜주피터인터내셔널, 제2013-12호)
				"," 항산화에 도움을 줄 수 있으나, 관련 인체적용시험이 미흡함 (생리활성기능 3등급)      ○ 섭취주의사항 : 임산부, 수유부 섭취에 주의      ","null"
"
					미역등복합추출물(잔티젠)(㈜노바렉스, 제2013-10호)
				"," 체지방 감소에 도움을 줄 수 있음 (생리활성기능 2등급) "," 미역 등 복합추출물(잔티젠)로서 600 mg/일 "
"
					[인정폐지]발효울금(한국인스팜㈜, 제2013-4호)
				"," 간건강에 도움을 줄 수 있으나 관련 인체적용시험이 미흡함 (생리활성기능3등급)○ 섭취 시 주의사항 :- 어린이, 임산부 및 수유부 복용시 주의- 항응고제 복용시 섭취에 주의","null"
"
					청국장균배양정제물(폴리감마글루탐산칼륨)(㈜비엘, 제2012-25호)
				"," 면역기능 증진에 도움을 줄 수 있음(생리활성기능 2등급) "," 폴리감마글루탐산칼륨으로서 1,000 mg/일 "
"
					씨폴리놀 감태주정추출물(㈜보타메디, 제2012-28호)
				","   - 혈중 콜레스테롤 개선에 도움을 줄 수 있음   - 식후혈당 상승 억제에 도움을 줄 수 있음 ","null"
"
					아쉬아간다 추출물(㈜한국야쿠르트, 제2012-33호)
				"," 스트레스로 인한 긴장완화에 도움을 줄 수 있음 ","null"
"
					돌외잎주정추출분말(㈜티지바이오텍, 제2013-8호)
				"," 체지방감소에 도움을 줄 수 있음 ○ 일일섭취량 : 돌외잎주정추출분말로서 450 mg/일 ○ 섭취주의사항 ","null"
"
					Collactive 콜라겐펩타이드(CJ제일제당㈜, 제2012-24호)
				"," 피부 보습에 도움을 줄 수 있음 ","null"
"
					루테인 에스테르(한국암웨이㈜, 제2012-22호)
				"," 노화로 인해 감소될 수 있는 황반색소밀도를 유지하여 눈 건강에 도움을 줄 수 있음 ","null"
"
					핑거루트추출분말(㈜한국야쿠르트, 제2012-36호)
				","   - 자외선에 의한 피부손상으로부터 피부 건강을 유지하는 데 도움을 줄 수 있음   - 체지방 감소에 도움을 줄 수 있음 "," 핑거루트추출분말로서 600 mg/일   "
"
					[인정폐지]마테열수추출물(블루그린링크㈜, 제2013-2호)
				"," 체지방 감소에 도움을 줄 수 있으나, 관련 인체적용시험이 미흡함 (생리활성기능 3등급)○ 섭취주의사항 : -","null"
"
					[인정폐지]실크단백질 효소가수분해물(월드웨이㈜, 제2012-18호)
				"," 혈당조절에 도움을 줄 수 있으나, 관련 인체적용시험이 미흡함 (생리활성기능 3등급)○ 섭취 시 주의사항 : - 간, 신장 기능 이상자는 섭취에 주의- 임산부.어린이는 섭취에 주의","null"
"
					나토균배양분말(㈜애니닥터헬스케어, 제2012-7호, 지에프퍼멘텍㈜, 제2013-6호)
				"," - 혈압이 높은 사람에게 도움을 둘 수 있음   - 혈소판 응집 억제를 통한 혈행개선에 도움을 줄 수 있음 ○ 일일섭취량 : 나토균배양분말로서 100 mg/일  ○ 섭취 시 주의사항 :   - 대두에 알레르기를 나타내는 사람은 섭취에 주의   - 임산부.수유부 섭취에 주의   - 의약품(혈액항응고제) 복용시 섭취에 주의   - 수술 전·후 섭취에 주의  ※ English version ※  ○ Ingredient name :  Fermentation powder of the Bacillus subtilis var. Natto ○ Recognition Number : 2012-7 (2012.02.09.) ○ Company or institution : Anydoctor Healthcare Co., Ltd ○ Functionality of the ingredient :   - May help to regulate blood pressure   - May help to improve blood circulation by inhibiting platelet aggregation ○ Daily intake amount : 100 mg/day -------------------------------------------------------------------------------------------------------------------------------  ○ 원료명 : 나토균배양분말 ○ 인정번호 : 제2013-6호 (2013.04.17.) ○ 업체 : 지에프퍼멘텍(주) ○ 기능성내용 : 혈행 개선에 도움을 줄 수 있음 "," 나토균배양분말로서 100 mg/일  ○ 섭취 시 주의사항 :   - 대두에 알레르기를 나타내는 사람은 섭취에 주의   - 임산부.수유부 섭취에 주의   - 의약품(혈액항응고제) 복용시 섭취에 주의   - 수술 전·후 섭취에 주의  ※ English version ※  ○ Ingredient name :  Fermentation powder of the Bacillus subtilis var. Natto ○ Recognition Number : 2012-7 (2012.02.09.) ○ Company or institution : Anydoctor Healthcare Co., Ltd ○ Functionality of the ingredient :   - May help to regulate blood pressure   - May help to improve blood circulation by inhibiting platelet aggregation ○ Daily intake amount : 100 mg/day -------------------------------------------------------------------------------------------------------------------------------  ○ 원료명 : 나토균배양분말 ○ 인정번호 : 제2013-6호 (2013.04.17.) ○ 업체 : 지에프퍼멘텍(주) ○ 기능성내용 : 혈행 개선에 도움을 줄 수 있음 ○ 일일섭취량 : 나토균배양분말로서 44 ~ 67 mg/일  "
"
					타가토스(CJ제일제당 주식회사, 제2011-37호)
				"," 식후 혈당조절에 도움을 줄 수 있음 ","null"
"
					[인정취소]마주정추출물(동아제약㈜, 제2011-38호)
				"," 혈당조절에 도움이 될 수 있으나 인체적용시험이 미흡함 (생리활성기능 3등급)○ 섭취주의사항 : -","null"
"
					호박씨추출물 등 복합물(㈜CJ제일제당, 제2011-15호)
				"," 방광의 배뇨기능 개선에 도움을 줄 수 있음 "," 호박씨추출물 등 복합물로서 600 ~ 1000 mg/일   "
"
					가시오갈피등복합추출물(㈜뉴메드, 제2011-28호, ㈜뉴메드, 제2013-25호)
				"," 관절 건강에 도움을 줄 수 있음 ○ 일일섭취량 : 가시오갈피 등 복합추출물 로서 1.5 g/일   ○ 섭취주의사항 : -   ※ English version ※  ○ Ingredient name : Siberian ginseng mixture extract ○ Recognition Number : 2011-28 (2011.10.13.) ○ Company or institution : Neumed ○ Functionality of the ingredient : May help to maintain joint health ○ Daily intake amount : 1.5 g/day  -------------------------------------------------------------------------------------------------------------------------------  ○ 원료명 : 가시오갈피등복합추출물 ○ 인정번호 : 제2013-25호 (2013.08.20.) ○ 업체 : (주)뉴메드 ○ 기능성내용 : 관절 건강에 도움을 줄 수 있음 ","null"
"
					[인정폐지]갈락토올리고당((유)콘프로덕츠코리아, 제2011-29호)
				"," 장내 유익균 증식, 유해균 억제에 도움을 줄 수 있으나 관련 인체적용시험이 미흡함 (생리활성기능 3등급)○ 섭취주의사항 : -","null"
"
					유산균 발효 다시마추출물(㈜마린바이오프로세스, 제2011-22호, ㈜한국야쿠르트, 제2011-23호)
				"," - 알콜성 손상으로부터 간을 보호하는데 도움을 줄 수 있음 - 기억력 개선에 도움을 줄 수 있음 ○ 일일섭취량 : 유산균 발효 다시마 추출물로서 1.5 g/일   ○ 섭취 시 주의사항 : - 요오드 함량이 높은 식품(해조류, 어패류 등)섭취 시 주의 - 갑상선질환 등을 보유하고 있는 사람은 섭취 시 주의 - 임산부 및 수유부는 섭취 시 주의   ※ English version ※  ○ Ingredient name : Fermented Sea Tangle ○ Recognition Number : 2011-22 (2011.09.09) ○ Company or institution : Marine bioprocess ○ Functionality of the ingredient :   - May help to protect liver from alcoholic liver injury   - May help to improve memory ○ Daily intake amount : 1.5 g/day   -------------------------------------------------------------------------------------------------------------------------------   ○ 원료명 : 유산균 발효 다시마추출물 ○ 인정번호 : 제2011-23호 (2011.09.09) ○ 업체 : (주)한국야쿠르트 ○ 기능성내용 : 알콜성 손상으로부터 간을 보호하는데 도움을 줄 수 있음 "," 유산균 발효 다시마 추출물로서 1.5 g/일   "
"
					인삼가수분해농축액(㈜일화, 제2011-27호)
				"," 혈당 조절에 도움을 줄 수 있음 ","null"
"
					글로빈 가수분해물(㈜헤너스, 제2011-21호)
				"," 식후 혈중 중성지방 개선에 도움을 줄 수 있음 ","null"
"
					동충하초 발효 추출물(㈜뉴스킨코리아, 제2011-16호)
				"," 지구력 증진에 도움을 줄 수 있음 ","null"
"
					밀전분유래 난소화성말토덱스트린(㈜로케뜨코리아, 제2011-6호)
				"," 장내 유익균의 증식과 유해균의 억제에 도움을 줄 수 있음 ","null"
"
					마카 젤라틴화 분말(㈜이스터비엔이프, 제2011-7호)
				","   - 정자운동성 개선에 도움을 줄 수 있음   - 운동수행능력 향상에 도움을 줄 수 있으나 관련 인체적용시험 이 미흡함(생리활성기능 3등급-인정폐지)   - 갱년기 남성 건강에 도움을 줄 수 있으나 관련 인체적용시험이 미흡함 (생리활성기능 3등급-인정폐지) "," - 운동수행능력 : 마카 젤라틴화 분말로서 1.5 ~ 3.0 g/일 - 정자운동성 개선 및 갱년기 남성건강 : 마카 젤라틴화 분말로서 5.0 g/일  "
"
					[인정폐지]녹차추출물/테아닌 복합물(㈜엘지생활건강, 제2010-51호)
				"," 성인의 기억력 개선에 도움을 줄 수 있으나 인체에서의 확인이 필요함(생리활성등급 3등급)○섭취 시 주의사항 : - 어린이, 임산부 및 수유부는 섭취를 피할 것- 수술 전후와 질환이 있거나 의약품 복용시 전문가와 상담할 것- 과량 섭취 시 위장애, 어지러움 등의 증상이 나타 날 수 있음- 카페인에 민감한 사람(초조감, 불면 등)의 경우 섭취에 주의할 것- 카페인이 함유한 식품의 섭취에 주의 할 것- 식사 후 섭취할 것","null"
"
					[인정폐지]흑효모배양액분말(㈜글루칸, 제2011-2호)
				"," 뼈 건강에 도움을 줄 수 있으나 관련 인체적용시험이 미흡함 (생리활성기능 3등급)○ 섭취주의사항 : -","null"
"
					서목태(쥐눈이콩)펩타이드(태경농산㈜, 제2010-53호)
				","   - 혈당 조절에 도움을 줄 수 있음   - 혈압이 높은 사람에게 도움을 줄 수 있음   - 체지방 감소에 도움을 줄 수 있음 ","null"
"
					L-카르니틴 타르트레이트(대상주식회사, 제2010-50호, ㈜주피터인터내셔널, 제2012-19호)
				"," 체지방 감소에 도움을 줄 수 있음 ○ 일일섭취량 : L-카르니틴으로서 2 g/일   ○ 섭취 시 주의사항 : -   ※ English version ※  ○ Ingredient name : L-carnitine tartate ○ Recognition Number : 2010-50 (2010.11.04) ○ Company or institution : DAESANG ○ Functionality of the ingredient : May help to reduce body fat ○ Daily intake amount : 2 g/day  -------------------------------------------------------------------------------------------------------------------------------  ○ 원료명 : L-카르니틴 타르트레이트 ○ 인정번호 : 제2012-19호 (2012.06.12) ○ 업체 : (주)주피터인터내셔널 ○ 기능성내용 : 체지방 감소에 도움을 줄 수 있음, 운동으로 인한 피로개선에 도움을 줄 수 있음 "," L-카르니틴으로서 2 g/일   ○ 섭취 시 주의사항 : -   ※ English version ※  ○ Ingredient name : L-carnitine tartate ○ Recognition Number : 2010-50 (2010.11.04) ○ Company or institution : DAESANG ○ Functionality of the ingredient : May help to reduce body fat ○ Daily intake amount : 2 g/day  -------------------------------------------------------------------------------------------------------------------------------  ○ 원료명 : L-카르니틴 타르트레이트 ○ 인정번호 : 제2012-19호 (2012.06.12) ○ 업체 : (주)주피터인터내셔널 ○ 기능성내용 : 체지방 감소에 도움을 줄 수 있음, 운동으로 인한 피로개선에 도움을 줄 수 있음 ○ 일일섭취량 : L-카르니틴으로서 2 g/일   "
"
					[인정폐지]소엽추출물(㈜한국메디, 제2010-48호)
				"," 면역 과민반응 개선에 도움을 줄 수 있으나 인체에서의 확인이 필요함 (생리활성기능 3등급)○ 섭취 시 주의사항 : -","null"
"
					전칠삼추출물 등 복합물(㈜오스코텍, 제2010-47호)
				"," 관절건강에 도움을 줄 수 있음 ","null"
"
					창녕양파추출액(우포의 아침㈜), 제2010-38호)
				"," 혈중 콜레스테롤 개선에 도움을 줄 수 있음 ","null"
"
					크랜베리 추출물(㈜렉스진바이오텍, 제2010-39호, CJ제일제당㈜, 제2011-39호)
				"," 요로에 유해균 흡착 억제로 요로 건강에 도움을 줄 수 있음 ○ 일일섭취량 : 크랜베리 추출물(Cran-Max)로서 500 mg/일   ○ 섭취 시 주의사항 : -   ※ English version ※  ○ Ingredient name :  Extract of Cranberry (Cran-Max) ○ Recognition Number : 2010-39 (2010.08.30.) ○ Company or institution : NOVAREX ○ Functionality of the ingredient : May help to maintain healthy urinary tract by preventing urinary tract infection ○ Daily intake amount : 500 mg/day  -------------------------------------------------------------------------------------------------------------------------------  ○ 원료명 : 크랜베리 추출물 ○ 인정번호 : 제2011-39호 (2011.10.26.) ○ 업체 : CJ제일제당(주) ○ 기능성내용 : 요로에 유해균 흡착 억제로 요로 건강에 도움을 줄 수 있음 "," 크랜베리 추출물(Cran-Max)로서 500 mg/일   ○ 섭취 시 주의사항 : -   ※ English version ※  ○ Ingredient name :  Extract of Cranberry (Cran-Max) ○ Recognition Number : 2010-39 (2010.08.30.) ○ Company or institution : NOVAREX ○ Functionality of the ingredient : May help to maintain healthy urinary tract by preventing urinary tract infection ○ Daily intake amount : 500 mg/day  -------------------------------------------------------------------------------------------------------------------------------  ○ 원료명 : 크랜베리 추출물 ○ 인정번호 : 제2011-39호 (2011.10.26.) ○ 업체 : CJ제일제당(주) ○ 기능성내용 : 요로에 유해균 흡착 억제로 요로 건강에 도움을 줄 수 있음 ○ 일일섭취량 : 크랜베리 추출물로서 500 mg/일   "
"
					지각상엽 추출 혼합물(퓨리메드㈜, 제2010-33호)
				"," 혈당 조절에 도움을 줄 수 있음 "," 지각상엽 추출 혼합물로서 2.8 g/일 "
"
					피카오프레토 분말 등 복합물(한국암웨이㈜, 제2010-28호)
				"," 과민반응에 의한 코 상태 개선에 도움을 줄 수 있음 ","null"
"
					석류 추출물, 농축액(㈜한일양행, 제2010-23호, ㈜에이치엘사이언스, 제2010-40호)
				"," 갱년기 여성의 건강에 도움을 줄 수 있음 ○ 일일섭취량 : 석류추출물로서 6.0 g/일   ○ 섭취주의사항 : - 임산부와 수유부는 섭취를 피하는 것이 좋습니다. - 항혈전제를 복용하시는 분은 의사와 상의하시기 바랍니다. - 에스트로겐 호르몬에 민감한 사람은 섭취에 주의하시기 바랍니다.   ※ English version ※  ○ Ingredient name : Pomegranate extract ○ Recognition Number : 2010-23 (2010.05.31.) ○ Company or institution : Hanil ○ Functionality of the ingredient : May help to maintain female health in menopause ○ Daily intake amount : 6 g/day  -------------------------------------------------------------------------------------------------------------------------------   ○ 원료명 : 석류농축액 ○ 인정번호 : 제2010-40호 (2010.08.30.) ○ 업체 : (주)에이치엘사이언스 ○ 기능성내용 : 갱년기 여성의 건강에 도움을 줄 수 있음 ","null"
"
					AP 콜라겐 효소분해 펩타이드(㈜아모레퍼시픽, 제2010-25호)
				","  - 피부 보습에 도움을 줄 수 있음    - 자외선으로 인한 피부 손상으로부터 피부건강을 유지하는데 도움을 줄 수 있음 "," AP 콜라겐 효소분해 펩타이드로서 1,000 ~ 1,500 mg/일 "
"
					레몬 밤 추출물 혼합분말(㈜안지오랩, 제2010-24호)
				"," 체지방 감소에 도움을 줄 수 있음 "," 레몬밤 추출물 혼합분말로서 1,380 mg/일   "
"
					백수오 등 복합추출물(㈜내츄럴엔도텍, 제2010-20호)
				"," 갱년기 여성의 건강에 도움을 줄 수 있음 "," 백수오, 한속단, 당귀 열수추출물로서 514 mg/일   "
"
					발효생성아미노산 복합물(CJ제일제당㈜, 제2010-21호, ㈜빅솔반월공장, 제2011-40호)
				"," 지구성 운동 시 피로개선에 도움을 줄 수 있음 "," 발효생성아미노산 복합물로서 4.7 ~ 5.0 g/일   "
"
					비즈왁스알코올(Bees Wax Alcohol, BWA)(㈜레이델코리아, 제2010-1호)
				","   - 항산화에 도움을 줄 수 있음   - 위점막을 보호하여 위건강에 도움을 줄 수 있음   - 관절건강에 도움을 줄 수 있음 ","   - 항산화 : 비즈왁스알코올로서 50 mg/일   - 위건강 : 비즈왁스알코올로서 100 mg/일   - 관절건강 : 50 ~ 100 mg/일  "
"
					연어 펩타이드(㈜대덕약업, 제2010-2호)
				"," 혈압이 높은 사람에게 도움을 줄 수 있음 ","null"
"
					아티초크추출물(㈜삼오제약, 제2010-8호)
				"," 담즙분비를 촉진하여 지방 소화에 도움을 줄 수 있음 "," 아티초크추출물로서 1.92 g/일   "
"
					지초추출분말(㈜아모레퍼시픽, 제2009-97호, ㈜뉴트렉스테크놀러지, 제2010-59호)
				"," 피부보습에 도움을 줄 수 있음 ○ 일일섭취량 : 지초추출분말로서 2.23 g/일   ○ 섭취 시 주의사항 : 임산부, 수유부는 섭취에 주의하시기 바랍니다.  ※ 인정취소(2018.02.26.)  -----------------------------------------------------------------------------------------------------------------------  ○ 원료명 : 지초추출물 ○ 인정번호 : 제2010-59호(2010.12.16.) ○ 업체 : (주)뉴트렉스테크놀러지(제2010-59호) ○ 기능성내용 : 피부보습에 도움을 줄 수 있음 "," 지초추출분말로서 2.23 g/일   ○ 섭취 시 주의사항 : 임산부, 수유부는 섭취에 주의하시기 바랍니다.  ※ 인정취소(2018.02.26.)  -----------------------------------------------------------------------------------------------------------------------  ○ 원료명 : 지초추출물 ○ 인정번호 : 제2010-59호(2010.12.16.) ○ 업체 : (주)뉴트렉스테크놀러지(제2010-59호) ○ 기능성내용 : 피부보습에 도움을 줄 수 있음 ○ 일일섭취량 : 지초추출물로서 2,200 mg/일   "
"
					해태올리고펩티드(㈜삼오제약, 제2009-87호)
				"," 혈압조절에 도움을 줄 수 있음 "," 해태올리고펩티드로서 1.6 g/일   "
"
					[인정취소]깻잎추출물(㈜휴메딕스, 제2009-83호)
				"," 체지방 감소에 도움을 줄 수 있음 (생리활성기능 2등급)      ○ 섭취주의사항 : 유소아, 임산부 및 수유부 여성은 섭취에 주의하여야 합니다.      ","null"
"
					자일로올리고당(HCN, 제2009-80호, HCN, 제2009-81호)
				","   - 장내 유익균 증식, 유해균 억제 도움을 줄 수 있음   - 배변활동에 도움을 줄 수 있음 ○ 일일섭취량 : 자일로올리고당으로서 0.7 ~ 7.5 g/일   ○ 섭취주의사항 : 과량으로 섭취 시 설사를 유발할 수도 있습니다.   ※ English version ※  ○ Ingredient name :  Xylooligosaccharide powder ○ Recognition Number : 2009-80 (2009.10.21.) ○ Company or institution : HCN ○ Functionality of the ingredient :   - May help to increase beneficial intestinal flora and suppress  pathogenic bacteria   - May help to improve bowel movements ○ Daily intake amount : 0.7 ~ 7.5 g/day  -------------------------------------------------------------------------------------------------------------  ○ 원료명 : 자일로올리고당(Xylooligosaccharide) 액상 ○ 인정번호 : 제2009-81호(2009.10.21.) ○ 업체 : HCN(제2009-81호) ○ 기능성내용 :   - 장내 유익균 증식, 유해균 억제 도움을 줄 수 있음   - 배변활동에 도움을 줄 수 있음 ","null"
"
					파크랜 크랜베리 분말(모네이쳐, 제2009-84호)
				"," 요로의 유해균 흡착 억제로 요로건강에 도움을 줄 수 있음 ","null"
"
					보리 베타글루칸 추출물(㈜노바렉스, 제2009-73호, ㈜농심, 제2010-32호)
				"," 혈중 콜레스테롤 개선에 도움을 줄 수 있음 "," 베타글루칸으로서 3 ~ 8 g/일   "
"
					[인정폐지]인삼가시오갈피 등 혼합추출물(㈜뉴메드, 제2009-79호)
				"," 기억력 개선에 도움을 줄 수 있으나 인체시험을 통한 확인이 필요함 (생리활성기능 3등급)○ 섭취주의사항 :- 과량 섭취 시 체질에 따라 소화기 증상이 발생할 수 있으므로 주의하시기 바랍니다.- 6세 미만 소아는 섭취 전 의사와 상담하여 주시기 바랍니다.","null"
"
					HK나토배양물(HK바이오텍, 제2009-50호)
				"," 혈액의 흐름을 방해할 수 있는 혈소판응집을 억제하여, 혈액 흐름을 원활히 하는데 도움을 줄 수 있음 ","null"
"
					쌀겨추출물(CJ제일제당㈜, 제2009-66호)
				"," 피부보습에 도움을 줄 수 있음 ","null"
"
					동결건조누에분말((사)대한잠사회, 제2009-67호)
				"," 혈당조절에 도움을 줄 수 있음 ","null"
"
					콜레우스 포스콜리 추출물(CJ제일제당㈜, 제2009-47호, 주영엔에스㈜, 2011-42호, 사빈사코리아㈜, 제2012-5호)
				"," 체지방 감소에 도움을 줄 수 있음 ○ 일일섭취량 : 콜레우스 포스콜리 추출물 500 mg/일   ○ 섭취 시 주의사항 : - 항응고제 또는 혈압조절제를 복용하시거나 혈압이 낮으신 분은 섭취에 주의 - 임산부, 수유여성, 어린이는 섭취에 주의   ※ English version ※  ○ Ingredient name : Coleus Forskohlii Extract ○ Recognition Number : 2009-47 (2009.06.05) ○ Company or institution : CJ CHEILJEDANG ○ Functionality of the ingredient : May help to reduce body fat ○ Daily intake amount : 500 mg/day   ------------------------------------------------------------------------------------------------------------   ○ 원료명 : 콜레우스 포스콜리 추출물 ○ 인정번호 : 제2011-42호(2011.12.28), 제2012-05호(2012.01.20) ○ 업체 : 주영엔에스(주)(제2011-42호), 사빈사코리아(주)(제2012-05호) ○ 기능성내용 : 체지방 감소에 도움을 줄 수 있음 "," 콜레우스 포스콜리 추출물 500 mg/일   ○ 섭취 시 주의사항 : - 항응고제 또는 혈압조절제를 복용하시거나 혈압이 낮으신 분은 섭취에 주의 - 임산부, 수유여성, 어린이는 섭취에 주의   ※ English version ※  ○ Ingredient name : Coleus Forskohlii Extract ○ Recognition Number : 2009-47 (2009.06.05) ○ Company or institution : CJ CHEILJEDANG ○ Functionality of the ingredient : May help to reduce body fat ○ Daily intake amount : 500 mg/day   ------------------------------------------------------------------------------------------------------------   ○ 원료명 : 콜레우스 포스콜리 추출물 ○ 인정번호 : 제2011-42호(2011.12.28), 제2012-05호(2012.01.20) ○ 업체 : 주영엔에스(주)(제2011-42호), 사빈사코리아(주)(제2012-05호) ○ 기능성내용 : 체지방 감소에 도움을 줄 수 있음 ○ 일일섭취량 : 콜레우스 포스콜리 추출물 500 mg/일   "
"
					nopal추출물(인성제약㈜, 제2009-39호, ㈜해나천연물연구소, 제2010-10호)
				"," 식후 혈당조절에 도움을 줄 수 있음 ","null"
"
					정제오징어유(㈜동우산업, 제2009-76호)
				","   - 혈행개선에 도움을 줄 수 있음   - 혈중 중성지질 개선에 도움을 줄 수 있음 ","null"
"
					락추로스 파우더((주)트리언 인터내셔널, 제2009-40호)
				"," 유익균 증식, 유해균 억제에 도움을 줄 수 있음 ","null"
"
					호프추출물(㈜CJ제일제당, 제2009-25호)
				"," 호프추출물은 관절건강에 도움을 줄 수 있음 ","null"
"
					BT-11원지추출분말(㈜바이오스타그룹, 제2009-12호)
				"," 성인의 기억력 개선에 도움을 줄 수 있음 "," BT-11원지추출분말로서 300 mg/일 "
"
					보이차추출물(CJ제일제당㈜, 제2009-17호)
				"," 혈중 콜레스테롤 개선에 도움을 줄 수 있음 "," 보이차추출물로서 1 g/일   "
"
					구아바잎추출물 등 복합물(BENDU381)(㈜벤스랩, 제2009-16호)
				"," 과민반응에 의한 코 상태(코 가려움, 재채기, 콧물) 개선에 도움을 줄 수 있음 ","null"
"
					커피만노올리고당분말(동서식품㈜, 제2009-15호)
				","   - 장내 유익균 증식, 유해균 억제에 도움을 줄 수 있음   - 배변활동에 도움을 줄 수 있음 ","null"
"
					홍국쌀(㈜에프엔피, 제2009-19호)
				"," 콜레스테롤 개선에 도움을 줄 수 있음 ","null"
"
					다래추출물(PG102)(㈜헬릭스미스, 제2009-18호)
				"," 면역 과민반응 개선에 도움을 줄 수 있음 ","null"
"
					중쇄지방산 함유유지(㈜롯데삼강, 제2009-20호)
				"," 이 제품은 중쇄지방산을 함유하고 있어 다른 식용유와 비교하였을 때 체지방 증가가 적을 수 있음 (생리활성기능 2등급)○ 섭취주의사항 : -","null"
"
					디글리세라이드 함유유지(CJ제일제당㈜, 제2009-21호)
				"," 이 제품은 디글리세라이드(Diacylglyceride)를 함유하고 있어 다른 식용유와 비교하였을 때 식후 혈중 중성지방과 체지방 증가가 적을 수 있음 (생리활성기능 2등급)○ 섭취주의사항 : -","null"
"
					쏘팔메토 열매 추출물 등 복합물(㈜한국암웨이, 제2008-79호)
				"," 전립선 건강의 유지에 도움을 줄 수 있음 ","null"
"
					지방산복합물FAC(Fatty Acid Complex)(㈜뉴트라알앤비티, 제2009-2호, ㈜에스에프씨바이오, 제2012-16호)
				"," 관절건강에 도움을 줄 수 있음 ○ 일일섭취량 : 지방산복합물 FAC로서 1,248 mg/일 ○ 섭취 시 주의사항 : 임산부 및 수유기 여성은 섭취에 주의  ※ 자진반납에 따른 인정취소(2012.10.11.)  -----------------------------------------------------------------------------------------------------------   ○ 원료명 : 지방산복합물 FAC(Fatty Acid Complex) ○ 인정번호 : 제2012-16호(2012.04.20) ○ 업체 : (주)에스에프씨바이오 ○ 기능성내용 : 관절건강에 도움을 줄 수 있음 "," 지방산복합물 FAC로서 1,248 mg/일 ○ 섭취 시 주의사항 : 임산부 및 수유기 여성은 섭취에 주의  ※ 자진반납에 따른 인정취소(2012.10.11.)  -----------------------------------------------------------------------------------------------------------   ○ 원료명 : 지방산복합물 FAC(Fatty Acid Complex) ○ 인정번호 : 제2012-16호(2012.04.20) ○ 업체 : (주)에스에프씨바이오 ○ 기능성내용 : 관절건강에 도움을 줄 수 있음 ○ 일일섭취량 : 지방산복합물로서 1,248 mg/일   "
"
					L-글루타민산 유래 GABA 함유 분말(㈜롯데삼강, 제2009-1호)
				"," 혈압이 높은 사람에게 도움을 줄 수 있음 ","null"
"
					홍삼,사상자,산수유 복합추출물(㈜한국인삼공사, 제2008-67호)
				"," 햇볕 또는 자외선에 의한 피부손상으로부터 피부건강을 유지하는데 도움을 줄 수 있음 ","null"
"
					표고버섯균사체추출물분말(㈜마그나스후디스, 제2009-3호)
				"," 간 건강에 도움을 줄 수 있음 ","null"
"
					Enterococcus faecalis 가열처리건조분말(대덕약업㈜, 제2008-31호)
				"," 꽃가루에 의해 나타나는 코막힘의 개선에 도움을 줄 수 있음 ","null"
"
					PME-88 메론추출물(㈜씨스팡, 제2008-9호)
				"," - 산화스트레스로부터 인체를 보호하는데 도움을 줄 수 있음 - 혈관벽 두께(내중막 두께 : IMT)증가 억제를 통한 혈행개선에 도움을 줄 수 있음 - 자외선에 의한 피부홍반개선으로 피부건강에 도움을 줄 수 있음 ","null"
"
					APIC 대두배아열수추출물 등 복합물(㈜아모레퍼시픽, 제2008-6호)
				"," 체지방의 감소에 도움을 줄 수 있음 (생리활성기능 2등급) "," APIC 대두배아열수추출물로서 700 mg/일 "
"
					자일리톨(다니스코뉴트리션앤드바이오싸이언스코리아 유한회사, 제2004-2호)
				"," 충치발생 위험 감소에 도움을 줌(치아건강) ","null"
"
					폴리코사놀-사탕수수왁스알코올(㈜레이델코리아, 제2006-4호)
				","    - 혈중 콜레스테롤 수치 개선에 도움을 줄 수 있음    - 혈압조절에 도움을 줄 수 있음 ","    - 폴리코사놀-사탕수수왁스알코올로서 5 ~20 mg/일(혈중 콜레스테롤 수치 개선)    - 폴리코사놀-사탕수수왁스알코올로서 20 mg/일(혈압 조절) "
"
					황금등복합물(㈜유니젠, 제2006-3호)
				"," 관절건강에 도움을 줄 수 있음 "," 황금등복합물로서 1,100 mg/일 "
"
					HK표고버섯균사체(㈜HK바이오텍, 제2010-35호)
				"," 간건강에 도움을 줄 수 있음 ","null"
"
					표고버섯균사체 AHCC(㈜케이씨에프코리아, 제2008-78호)
				"," 면역기능 증진에 도움을 줄 수 있음 ","null"
"
					콩발효추출물(씨제이제일제당㈜, 제2007-10호, 한국암웨이㈜, 제2007-11호, 주영엔에스㈜, 제2012-31호, 네이처텍㈜, 제2012-32호)
				"," 당의 흡수를 억제하여 식후혈당을 건강하게 유지하는데 도움을 줄 수 있음 ○ 일일섭취량 : 콩발효추출물로서 900 mg/일  ※ English version ※  ○ Ingredient name : Fermented Soy bean Extract ○ Recognition Number : 2007-10 (2007.07.23.) ○ Company or institution : CJ CHEILJEDANG ○ Functionality of the ingredient : May help to improve blood glucose levels by slowing digestion and absorption of sugar ○ Daily intake amount :  900mg/day   -----------------------------------------------------------------------------------------------------------------------------------------------------------  ○ 원료명 : 토치대두발효추출물 ○ 인정번호 : 제2007-11호(2007.07.23) ○ 업체 : 한국암웨이(주) ○ 기능성내용 : 당의 흡수를 억제하여 식후혈당을 건강하게 유지하는데 도움을 줄 수 있음 ○ 일일섭취량 : 토치대두발효추출물로서 900 mg/일  ※ English version ※  ○ Ingredient name : Fermented Soy bean Extract ○ Recognition Number : 2007-11 (2007.07.23) ○ Company or institution : Amway ○ Functionality of the ingredient : May help to improve blood glucose levels by slowing digestion and absorption of sugar ○ Daily intake amount :  900mg/day  -----------------------------------------------------------------------------------------------------------------------------------------------------------  ○ 원료명 : 콩발효추출물 ○ 인정번호 : 제2012-31호(2012.11.09), 제2012-32호(2012.11.09) ○ 업체 : 주영엔에스(주), 네이처텍(주) ○ 기능성내용 : 식후 혈당상승 억제에 도움을 줄 수 있음 "," 콩발효추출물로서 900 mg/일  ※ English version ※  ○ Ingredient name : Fermented Soy bean Extract ○ Recognition Number : 2007-10 (2007.07.23.) ○ Company or institution : CJ CHEILJEDANG ○ Functionality of the ingredient : May help to improve blood glucose levels by slowing digestion and absorption of sugar ○ Daily intake amount :  900mg/day   -----------------------------------------------------------------------------------------------------------------------------------------------------------  ○ 원료명 : 토치대두발효추출물 ○ 인정번호 : 제2007-11호(2007.07.23) ○ 업체 : 한국암웨이(주) ○ 기능성내용 : 당의 흡수를 억제하여 식후혈당을 건강하게 유지하는데 도움을 줄 수 있음 ○ 일일섭취량 : 토치대두발효추출물로서 900 mg/일  ※ English version ※  ○ Ingredient name : Fermented Soy bean Extract ○ Recognition Number : 2007-11 (2007.07.23) ○ Company or institution : Amway ○ Functionality of the ingredient : May help to improve blood glucose levels by slowing digestion and absorption of sugar ○ Daily intake amount :  900mg/day  -----------------------------------------------------------------------------------------------------------------------------------------------------------  ○ 원료명 : 콩발효추출물 ○ 인정번호 : 제2012-31호(2012.11.09), 제2012-32호(2012.11.09) ○ 업체 : 주영엔에스(주), 네이처텍(주) ○ 기능성내용 : 식후 혈당상승 억제에 도움을 줄 수 있음 ○ 일일섭취량 : 콩발효추출물로서 900 mg/일  "
"
					피크노제놀-프랑스해안송껍질추출물(㈜주피터인터내셔널, 제2006-1호)
				","   - 인체에 유해한 활성산소를 제거하는데 도움을 줄 수 있음   - 혈액의 흐름을 방해할 수 있는 혈소판응집을 억제하는데 도움을 줄 수 있음   - 갱년기 여성의 건강에 도움을 줄 수 있음 ","null"
"
					아마인(㈜네이쳐스메디신, 제2007-4호, 제2009-72호)
				"," 콜레스테롤 감소에 도움을 줄 수 있음 ","null"
"
					[인정폐지]홍경천등복합추출물(씨제이㈜, 제2005-23호)
				"," 혈당 조절에 도움을 줄 수 있으나 관련 인체적용시험이 미흡함 (생리활성기능 3등급)      ○ 섭취 시 주의사항 :    - 유·소아, 임산부, 수유부는 사용을 삼가는 것이 좋습니다.   - 혈당조절을 위한 의약품을 복용하시는 분은 의사와 상담하시기 바랍니다.      ","null"
"
					가쯔오부시올리고펩타이드(풀무원건강생활㈜, 제2006-13호, ㈜메코, 제2006-16호)
				"," 혈압 조절에 도움을 줄 수 있음 (생리활성기능 2등급) ","null"
"
					소나무껍질추출물 등 복합물(㈜서흥, 제2008-14호)
				"," 햇볕 또는 자외선에 의한 피부손상으로부터 피부 건강을 유지하는데 도움을 줄 수 있음 ","null"
"
					포도종자추출물(㈜에이치에프푸드, 제2005-9호, ㈜네추럴에프앤피, 제2008-42호)
				"," 인체의 항산화능 증진에 도움을 줄 수 있음 "," - (주)에이치에프푸드 : 포도종자추출물로서 200 ~ 300 mg/일 - (주)네추럴에프앤피 : 포도종자추출물로서 200 mg/일  "
"
					정어리펩타이드(원니스바이오, 제2004-1호)
				"," 혈압을 조절하는데 도움을 줄 수 있음 ","null"
"
					차조기등 복합 추출물(KD-28)(㈜코아뉴트리션, 제2007-13호)
				"," 관절 건강에 도움을 줄 수 있음 ","null"
"
					히비스커스등복합추출물(씨제이제일제당㈜, 제2004-7호)
				"," 체지방 감소에 도움을 줄 수 있음 ","null"
"
					헛개나무과병추출분말(㈜생명의나무, 제2008-55호)
				","  - 알콜성 손상으로부터 간을 보호하는데 도움을 줄 수 있음  - 운동능력 향상에 도움을 줄 수 있음  - 스트레스로 인한 피로 개선에 도움을 줄 수 있음 ","null"
"
					식물스타놀에스테르(㈜YHFOOD, 제2006-11호)
				"," 혈중 콜레스테롤 개선에 도움을 줄 수 있음  ","null"
"
					[인정폐지]알로에추출물분말(㈜남양알로에, 제2004-4호)
				"," 혈중 콜레스테롤 수준의 개선에 도움을 줄 수 있으나 관련 인체적용시험이 미흡함 (생리활성기능 3등급)      ○ 섭취주의사항 :    - 임산부, 수유부는 섭취 시 전문가와 상담하십시오.   - 의사의 처방이나 치료를 받고 계신 분은 전문가와 상담하십시오.      ","null"
"
					올리브잎주정추출물 EFLA943(씨제이제일제당㈜, 제2006-25호)
				"," 건강한 혈압의 유지에 도움을 줄 수 있음 ","null"
"
					솔잎증류농축액(파인생명공학, 제2007-8호, 제2012-30호)
				"," 건강한 혈당의 유지에 도움을 줄 수 있음 ","null"
"
					[인정폐지]알로에복합추출물분말(㈜남양알로에, 제2004-5호)
				"," 혈중 콜레스테롤 수준의 개선에 도움을 줄 수 있으나 관련 인체적용시험이 미흡함 (생리활성기능 3등급)      ○ 섭취주의사항 :    - 임산부, 수유부는 섭취 시 전문가와 상담하십시오.   - 의사의 처방이나 치료를 받고 계신 분은 전문가와 상담하십시오.   - 어린이나 청소년은은 섭취를 삼가 하십시오.      ","null"
"
					당귀등추출복합물(대웅 바이오㈜, 제2011-3호)
				"," 노인의 기억력 개선에 도움을 줄 수 있음 ","null"
"
					[인정폐지]피니톨 분말(솔젠트㈜, 제2007-12호)
				","    - 혈당조절에 도움을 줄 수 있으나 관련 인체적용시험이 미흡함 (생리활성기능 3등급)         ○ 섭취주의사항 :    - 피니톨은 당뇨병의 치료 및 예방에 사용될 수 없으므로 당뇨병 치료가 필요한 경우에는 의사와 상담이 필요함    - 영·유아, 어린이, 임산부 및 수유부는 섭취에 주의        - 특정질환(알레레르기 체질 등)이 있는 분은 섭취에 주의    - 이상사례 발생 시 섭취를 중단하고 전문가와 상담할 것                 ","null"
"
					로즈힙분말(㈜디에스엠뉴트리션코리아, 제2008-81호, ㈜서흥캅셀, 제2012-27호, ㈜주안상사, 제2013-1호, ㈜뉴트리플랜, 제2013-18호)
				"," 관절 및 연골건강에 도움을 줄 수 있음 "," 로즈힙분말로서 5 g/일 "
"
					피브로인추출물 BF-7(㈜바이오그랜드, 제2009-46호)
				"," 기억력개선에 도움을 줄 수 있음 "," 피브로인추출물로서 200 ~ 400 mg/일  "
"
					참당귀주정추출분말(㈜싸이제닉, 제2004-6호)
				"," 노인의 인지능력 저하의 개선에 도움을 줄 수 있음 ","null"
"
					이소말토올리고당(㈜콘프로덕츠코리아, 제2005-10호, 대상㈜군산공장, 제2005-11호, 대상㈜, 제2006-2호)
				","   - 장내 유익균의 증식과 유해균의 억제에 도움을 줄 수 있습니다.   - 배변활동을 원활히 하는데 도움을 줄 수 있습니다. "," 이소말토올리고당으로서 8 ~ 12 g/일 "
"
					[인정취소]L-글루타민(대상㈜ 건강사업본부, 제2007-1호)
				"," 과도한 운동 후의 L-글루타민 보충은 신체 저항능력 향상에 도움이 될 수 있음 (생리활성기능 2등급)      ○ 섭취주의사항 :    - Methotrexate, anticonvulsants, lactulose의 효과를 경감시킬 우려가 있음   - MSG에 민감한 사람은 섭취를 주의해야 함   - 신장 및 간질환이 있는 환자는 섭취를 주의해야 함   - 임산부, 수유부는 의사의 처방 없이는 섭취를 삼가야 함      ","null"
"
					카제인가수분해물(씨제이제일제당㈜, 제2006-19호, ㈜한국인삼공사, 제2009-22호, ㈜부국유통, 제2010-6호)
				"," 혈압이 걱정되시는 분에게 도움을 줄 수 있음 ○ 일일섭취량 : 카제인가수분해물로서 4,000 mg/일   ○ 섭취 시 주의사항 :  - 임산부, 수유부는는 섭취를 삼가시기 바랍니다. - 어린이, 노인, 신부전이 있는 사람, 혈압약을 복용하시는 분이 섭취 시에는 의사와 상담하셔야 합니다.   ※ English version ※  ○ Ingredient name : Hydrolyzed Casein ○ Recognition Number : 2006-19 (2006.08.17.) ○ Company or institution : CJ CHEILJEDANG ○ Functionality of the ingredient :  May help to regulate blood pressure ○ Daily intake amount : 4,000 mg/day   -----------------------------------------------------------------------------------------------------------   ○ 원료명 : 카제인가수분해물 ○ 인정번호 : 제2009-22호(2009.04.06.), 제2010-6호(2010.02.05.) ○ 업체 : (주)한국인삼공사, (주)부국유통 ○ 기능성내용 : 혈압이 높은 사람에게 도움을 줄 수 있음 "," 카제인가수분해물로서 4,000 mg/일   ○ 섭취 시 주의사항 :  - 임산부, 수유부는는 섭취를 삼가시기 바랍니다. - 어린이, 노인, 신부전이 있는 사람, 혈압약을 복용하시는 분이 섭취 시에는 의사와 상담하셔야 합니다.   ※ English version ※  ○ Ingredient name : Hydrolyzed Casein ○ Recognition Number : 2006-19 (2006.08.17.) ○ Company or institution : CJ CHEILJEDANG ○ Functionality of the ingredient :  May help to regulate blood pressure ○ Daily intake amount : 4,000 mg/day   -----------------------------------------------------------------------------------------------------------   ○ 원료명 : 카제인가수분해물 ○ 인정번호 : 제2009-22호(2009.04.06.), 제2010-6호(2010.02.05.) ○ 업체 : (주)한국인삼공사, (주)부국유통 ○ 기능성내용 : 혈압이 높은 사람에게 도움을 줄 수 있음 ○ 일일섭취량 : VPP(Val-Pro-Pro) 및 IPP(Ile-Pro-Pro)의 합으로서 1.8 ~ 3.6 mg/일   "
"
					대두올리고당(현대약품공업㈜, 제2005-20호)
				"," - 장내 유익균의 증식과 유해균의 억제에 도움을 줄 수 있음   - 배변활동을 원활히 하는데 도움을 줄 수 있음 ","null"
"
					PMO 참밀알부민(풀무원건강생활㈜, 제2007-23호)
				"," 급격한 식후 혈당상승을 억제하는데 도움을 줄 수 있음   ","null"
"
					[인정폐지]브로콜리스프라우트분말(풀무원건강생활㈜, 제2006-12호)
				"," 간 건강에 도움을 줄 수 있으나 관련 인체적용시험이 미흡함 (생리활성기능 3등급)○ 섭취주의사항 : -","null"
"
					[인정폐지]테아닌등복합추출물(씨제이㈜, 제2004-3호)
				"," 기억력 개선에 도움을 줄 수 있으나 관련 인체적용시험이 미흡함 (생리활성기능 3등급)○ 섭취주의사항 : 테아닌은 카페인과 길항작용이 있으므로 섭취시 카페인 함유음료(커피, 홍차, 녹차)의 섭취를 삼가하시기 바랍니다.","null"
"
					[인정폐지]유니벡스대나무잎추출물(㈜네이처텍, 제2005-1호)
				"," 혈중 콜레스테롤 및 지질조절, 항산화 효과에 도움을 줄 수 있으나 인체시험을 통한 확인이 필요함 (생리활성기능 3등급)○ 섭취 시 주의사항 : 임신 중이거나 수유 중이신 분 또는 콜레스테롤 저하 약물을 복용 중인 분은 의사와 상담하여 섭취하는 것이 좋습니다.","null"
"
					[인정폐지]복분자추출물(㈜리즈바이오텍, 제2006-24호)
				"," 항산화능 증진에 도움을 줄 수 있으나 관련 인체적용시험이 미흡함 (생리활성기능 3등급)○ 섭취주의사항 : -","null"